ID,TIC,CLSI,P/Tz,CLSI,AZT,CLSI,CAZ,CLSI,FEP,CLSI,IMI,CLSI,MER,CLSI,CIP,CLSI,TOB,CLSI,AMI,CLSI,COL,CLSI,C/Tz,CLSI,FOS,Beta-lactamases,Aminog. mod. enzymes,PA0004 gyrB,PA0424 mexR,PA0425 mexA,PA0426 mexB,PA0427 oprM,PA0807 ampDh3,PA0869 pbpG,PA0958 oprD,PA1179 phoP,PA1180 phoQ,PA1777 oprF,PA1798 parS,PA1799 parR,PA2018  mexY,PA2019 mexX,PA2020 mexZ,PA2491 mexS,PA2492 mexT,PA3047 dacB,PA3168 gyrA,PA3574 nalD,PA3721 nalC,PA3999 dacC,PA4109 ampR,PA4110 ampC,PA4418 ftsI,PA4522 ampD,PA4600 nfxB,PA4776 pmrA,PA4777 pmrB,PA4964 parC,PA4967 parE,PA5045 ponA/ mrcA,PA5235 glpT,PA5471 armZ,PA5485 ampDh2,PA4003,PA4700,PA2023,PA4266
COLIMERO_01-002,,R,64/4,I,,I,,I,,I,,R,,R,˃16,R,,R,,S,,I,2/4,S,>1024,,aadB,,,,,,A219T,S250N,Q142*,,,,H398R,,T543A,"K329Q, W358R",G195D,D249N,"P60S, F172I",,"T83I, D87N",,"G71E, A186T",,G154R,,,"G148A, D183Y",,,Y345H,"S87W, L168Q",,E245D,T211P,"L88P, D161G, H182Q, V243A, V266M",,,"L20F, R227C",,
COLIMERO_01-009,,I,32/4,I,,S,,S,,S,,R,,R,˃16,R,,R,<2,S,,S,1/4,S,>1024,,aadB,,,,,,A219T,S250N,Q142*,,,,H398R,,T543A,K329Q,G195D,D249N,"P60S, F172I",,"T83I, D87N",,"G71E, A186T",,G154R,,,"G148A, D183Y",,,Y345H,"S87W, L168Q",,E245D,T211P,"L88P, D161G, H182Q, V243A, V266M",,,"L20F, R227C",,
COLIMERO_04-025,,R,128/4,R,,I,,R,,I,,R,,R,˃16,R,,R,,S,,S,2/4,S,>1024,,aadB,,,,,,A219T,S250N,Q142*,,,,H398R,,"T543A, E644*",K329Q,"E71*, G195D",D249N,"P60S, F172I",,"T83I, D87N",,"G71E, A186T",,G154R,,,"G148A, D183Y",,,Y345H,"S87W, L168Q",,E245D,T211P,"L88P, D161G, H182Q, I237V, V243A, V266M",,,"L20F, R227C",K236T,V119A
COLIMERO_04-024,,R,128/4,R,,I,,R,,R,,R,,R,˃16,R,,R,,S,,I,4/4,S,>1024,,aadB,,,,,,A219T,S250N,Q142*,,,,H398R,,T543A,"K329Q, W358R",G195D,D249N,"P60S, F172I",,"T83I, D87N",,"G71E, A186T",,G154R,,,"G148A, D183Y",,,Y345H,"S87W, L168Q",,E245D,T211P,"L88P, D161G, H182Q, V243A, V266M",,,"L20F, R227C",,
COLIMERO_06-028,,R,128/4,R,,I,,R,,I,,R,,R,>16,R,,R,,S,,I,2/4,S,>1024,,aadB,,,,,R404H,A219T,S250N,Q142*,,,,H398R,,T543A,K329Q,G195D,D249N,"P60S, F172I",,"T83I, D87N",,"G71E, A186T",,G154R,,,"G148A, D183Y",,,Y345H,"S87W, L168Q",,E245D,T211P,"L88P, D161G, H182Q, V243A, V266M",,,"L20F, R227C",,
COLIMERO_06-036,,R,64/4,I,,I,,I,,I,,R,,R,˃16,R,,R,,S,,I,2/4,S,>1024,,aadB,,,,,,A219T,S250N,Q142*,,,E149*,H398R,E214D,T543A,K329Q,G195D,D249N,"P60S, F172I",,"T83I, D87N",,"G71E, A186T",,G154R,,,"G148A, D183Y",,,Y345H,"S87W, L168Q",,E245D,T211P,"L88P, D161G, H182Q, V243A, V266M",,,"L20F, R227C",,
COLIMERO_07-002,˃512,R,256/4,R,,S,,R,,R,˃64,R,˃32,R,˃16,R,˃32,R,,S,,I,˃64/4,R,,VIM-2,"aadB, aacA4",,,,,,A219T,S250N,W277*,,,,H398R,,T543A,K329Q,G195D,D249N,"P60S, F172I",,"T83I, D87N",,"G71E, A186T",,,,,"G148A, D183Y",,,Y345H,"S87W, L168Q",,E245D,,"L88P, D161G, H182Q, V243A, V266M",,,"L20F, R227C",,
COLIMERO_07-016,,R,128/4,R,,I,,R,,I,>64,R,˃32,R,˃16,R,˃32,R,,S,,I,16/4,R,,GES-5,aadB,,,,,,A219T,S250N,W277*,,,,H398R,,T543A,"K329Q, W358R",G195D,D249N,"P60S, F172I",,"T83I, D87N",,"G71E, A186T",,,,,"G148A, D183Y",,,Y345H,"S87W, L168Q",,E245D,,"L88P, D161G, H182Q, V243A, V266M",,,"L20F, R227C",,
COLIMERO_15-001,,R,˃256/4,R,,R,˃64,R,,R,,R,,R,˃16,R,,R,,S,,I,8/4,I,>1024,,aadB,,,,,,A219T,S250N,Q142*,,,,H398R,,T543A,K329Q,G195D,D249N,"P60S, F172I",,"T83I, D87N",,"G71E, A186T",,G154R,,,"G148A, D183Y",,,Y345H,"S87W, L168Q",,"E158K, E245D",T211P,"L88P, D161G, H182Q, V243A, V266M",,,"L20F, R227C",,
COLIMERO_15-002,,R,256/4,R,,R,,R,,R,,R,,R,˃16,R,˃32,R,,I,,I,4/4,S,>1024,,aadB,,,,,,A219T,S250N,Q142*,,,,H398R,,T543A,"K329Q, W358R",G195D,D249N,"P60S, F172I",,"T83I, D87N",,"G71E, A186T",,G154R,,,"G148A, D183Y",,,Y345H,"S87W, L168Q",,"E158K, E245D",T211P,"L88P, D161G, H182Q, V243A, V266M",,,"L20F, R227C",,K430E
COLIMERO_10-001,,R,128/4,R,,I,,R,,I,,R,,R,˃16,R,˃32,R,,S,,I,2/4,S,>1024,,aadB,,,,,,A219T,S250N,Q142*,,,,H398R,,T543A,K329Q,G195D,D249N,"P60S, F172I",,"T83I, D87N",,"G71E, A186T",,G154R,,,"G148A, D183Y",,,Y345H,"S87W, L168Q",,E245D,T211P,"L88P, D161G, H182Q, V243A, V266M",,,"L20F, R227C",,
COLIMERO_10-023,,R,128/4,R,,I,,R,,I,,R,,R,˃16,R,˃32,R,,S,,I,2/4,S,>1024,,aadB,,,,,,A219T,S250N,Q142*,,,,H398R,,T543A,"K329Q, W358R",G195D,D249N,"P60S, F172I",,"T83I, D87N",,"G71E, A186T",,G154R,,,"G148A, D183Y",,,Y345H,"S87W, L168Q",,E245D,T211P,"L88P, D161G, H182Q, V243A, V266M",,,"L20F, R227C",,
COLIMERO_03-002,,R,64/4,I,,I,,I,,I,,R,,R,˃16,R,,R,,S,,S,2/4,S,>1024,,aadB,,"nt386InsGTGT, nt391InsGGGT",,,,A219T,S250N,Q142*,,,,H398R,,T543A,"K329Q, W358R",G195D,D249N,"P60S, F172I",,"T83I, D87N",,"G71E, A186T",,G154R,,,"G148A, D183Y",,,Y345H,"S87W, L168Q",,E245D,T211P,"L88P, D161G, H182Q, V243A, V266M",,,"L20F, R227C",,
COLIMERO_03-005,,R,64/4,I,,I,,I,,I,,R,,R,˃16,R,,R,,S,,I,2/4,S,>1024,,aadB,,"nt386InsGGGA, nt391InsGGGT",,,,A219T, S250N,Q142*,,,,H398R,, T543A,"K329Q, W358R", G195D,D249N," P60S, F172I",,"T83I, D87N",,"G71E, A186T",, G154R,,,"G148A, D183Y",,,Y345H,"S87W, L168Q",, E245D, T211P,"L88P, D161G, H182Q, V243A, V266M",,,"L20F, R227C",,
COLIMERO_12-012,˃512,R,32/4,I,,S,,I,,I,˃64,R,˃32,R,˃16,R,˃32,R,,S,,I,˃64/4,R,,"VIM-20, OXA-2","aadB, aacA4, aadA13",,,,,,A219T,S250N,nt59InsGCACT,,,,H398R,,T543A,"K329Q, W358R",G195D,D249N,"P60S, F172I",,"T83I, D87N",,"G71E, A186T",,,,,"G148A, D183Y",,,Y345H,"S87W, L168Q",,E245D,,"L88P, D161G, H182Q, V243A, V266M",,,"L20F, R227C",,
COLIMERO_12-017,,R,256/4,R,,I,,R,,R,,R,,R,˃16,R,,R,,S,,I,4/4,S,>1024,,aadB,,,,,,A219T,S250N,Q142*,,,,H398R,,T543A,"K329Q, W358R",G195D,D249N,"nt228Δ3, P60S, F172I",,"T83I, D87N",,"G71E, A186T",,G154R,,,"G148A, D183Y",,,Y345H,"S87W, L168Q",,E245D,T211P,"L88P, D161G, H182Q, V243A, V266M",,,"L20F, R227C",,
COLIMERO_09-001,˃512,R,256/4,R,,S,˃64,R,,R,˃64,R,˃32,R,˃16,R,,R,,S,,I,˃64/4,R,,VIM-2,aadB,,,,,,A219T,S250N,W277*,,,,H398R,,T543A,K329Q,G195D,D249N,"P60S, F172I",,"T83I, D87N",,"G71E, A186T",,,,,"G148A, D183Y",,,Y345H,"S87W, L168Q",,E245D,,"L88P, D161G, H182Q, V243A, V266M",,,"L20F, R227C",,
COLIMERO_09-012,˃512,R,˃256/4,R,,R,,R,,R,,R,,R,˃16,R,,R,,S,,I,8/4,I,,,aadB,,,,P724L,,A219T,S250N,nt187Δ1,,,,H398R,,T543A,"K329Q, W358R",G195D,D249N,"P60S, F172I",,"T83I, D87N",,"G71E, A186T",,,,R504C,"T139M, G148A, D183Y",,,Y345H,"S87W, L168Q",,E245D,,"L88P, D161G, H182Q, V243A, V266M",,,"L20F, R227C",,
COLIMERO_04-008,,R,256/4,R,,I,,I,,R,,R,˃32,R,˃16,R,,R,,S,,I,2/4,S,>1024,,,,,,,,A219T,S250N,,,,,H398R,,"T543A, A624S, Q840E","K329Q, L331V, W358R",nt593Δ10,D249N,"E107D, F172I",,T83I,,,,,,,"R11L, A136P, G148A, D183Y",,L71R,,,,,A121T,"L88P, G157D, D161G, H182Q, V243A",,,,,
COLIMERO_12-001,,R,128/4,R,,I,,R,,R,,R,,R,˃16,R,,S,,S,,R,4/4,S,,,,,,,,,A219T,S250N,nt1205InsC,,,Q160L,H398R,,"T543A, Q840E","K329Q, L331V, W358R",,"A75V, V241M, D249N","P60S, D96A, F172I","T27S, S150G, N197S","T83I, V671I",nt228Δ19,,,,,,"R11L, L40Q, G148A, D183Y",,L71R,"R10L, R234C",S87L,,,A121T,"L88P, G157D, D161G, H182Q, V243A",,,,,
COLIMERO_12-014,,R,256/4,R,,R,,R,,R,,R,,R,˃16,R,,S,˂2,S,,I,4/4,S,,,,,,,,,A219T,S250N,nt1205InsC,,,,H398R,,"T543A, Q840E","K329Q, L331V, W358R",,"A75V, V241M, D249N","P60S, D96A, F172I","T27S, S150G, N197S","T83I, V671I, G860S, D893E, S903A",nt228Δ19,,,,,,"R11L, L40Q, G148A, D183Y",,L71R,,S87L,,,A121T,"L88P, G157D, D161G, H182Q, V243A",,,,,
COLIMERO_12-018,,I,64/4,I,,S,,I,,S,,R,,R,,R,,S,,S,,I,2/4,S,>1024,,,,,,Q259L,,A219T,S250N,nt1205InsC,,,,H398R,,"T543A, Q840E","K329Q, L331V, W358R",nt278Δ16,"A75V, V241M, D249N","nt229Δ2, P60S, D96A, F172I","T27S, S150G, N197S","T83I, V671I, G860S, D893E",nt228Δ19,,,,,,"R11L, L40Q, G148A, D183Y",,L71R,,S87L,,,A121T,"L88P, G157D, D161G, H182Q, V243A",,,,,
COLIMERO_12-003,,R,256/4,R,,R,,R,,R,,R,,R,˃16,R,,S,,S,,I,4/4,S,>1024,,,,,,,,A219T,S250N,nt1205InsC,,,,H398R,,"T543A, Q840E","K329Q, L331V, W358R",,"A75V, V241M, D249N","P60S, D96A, F172I","T27S, S150G, N197S","T83I, D87N, V671I, G860S, D893E, S903A",nt228Δ19,,,,,,"R11L, L40Q, G148A, D183Y",,L71R,,S87L,,,A121T,"L88P, G157D, D161G, H182Q, V243A",,,,,
COLIMERO_12-005,,R,256/4,R,,R,,R,,R,,R,,R,˃16,R,,S,,S,,I,4/4,S,>1024,,,,,,,,A219T,S250N,nt1205InsC,,,,H398R,,"T543A, Q840E","K329Q, L331V, W358R",,"A75V, V241M, D249N","P60S, D96A, F172I","T27S, S150G, N197S","T83I, V671I, G860S, D893E, S903A","G78R, D80A, G81R, nt228Δ19",,,,,,"R11L, L40Q, G148A, D183Y",,L71R,,S87L,,T794A,A121T,"L88P, G157D, D161G, H182Q, V243A",,,,,
COLIMERO_06-026,>512,R,>256/4,R,,R,,R,>64,R,,R,,R,,I,,R,,S,,I,8/4,I,,OXA-10,,,V126E,,G957D,,A208V,A287S,,,Y85F,,"L141P, H398R","L153R, S170N",T543A,"A30T, K329Q, L331V, W358R",,D249N,"P60S, F172I",,,,"G71E, E153Q, S209R",,"G283E, M288R","G27D, A97V, V205L",,"S39R, G148A",,L71R,"A4T, G68S, Y345H, G362S",,D533E,,,"L88P, D161G, H182Q, R204C, V243A",,,,,
COLIMERO_06-042,˃512,R,128/4,R,,R,,R,,R,˃64,R,˃32,R,˃16,R,,R,,R,,I,˃64/4,R,,VIM-47,"aacA4, aadA6",,V126E,,G957D,,A208V,A287S,,,Y85F,,H398R,"L153R, S170N",T543A,"A30T, K329Q, L331V, W358R",,D249N,"P60S, F172I",,T83I,,"G71E, E153Q, S209R",,"G283E, M288R","G27D, A97V, T105A, V205L, G391A",,"S39R, G148A",,L71R,"A4T, G68S, Y345H, G362S",S87L,D533E,,,"L88P, D161G, H182Q, R204C, V243A",,,,,
COLIMERO_07-001,,R,64/4,I,,S,˃64,R,,R,,R,,R,˃16,R,˃32,R,,I,,R,64/4,R,,GES-1,"aacA4, aadA6",,V126E,,G957D,,A208V,A287S,M1S,,Y85F,H279R,"D249N, H398R","L153R, S170N",T543A,"A30T, K329Q, L331V, W358R",nt289Δ11,D249N,"P60S, F172I",,T83I,,"G71E, E153Q, S209R",,"G283E, M288R","G27D, A97V, T105A, V205L",,"S39R, G148A",,L71R,"A4T, G68S, Y345H, G362S",S87L,D533E,,,"L88P, D161G, H182Q, R204C, V243A",,,,,
COLIMERO_07-004,˃512,R,128/4,R,,R,˃64,R,˃64,R,,R,˃32,R,˃16,R,˃32,R,,R,,I,˃64/4,R,,"GES-19, OXA-2",aac(6')-33,,V126E,,G957D,,A208V,A287S,nt619insCCGAATTTCAT,,Y85F,,H398R,"L153R, S170N",T543A,"A30T, K329Q, L331V, W358R",,D249N,"P60S, F172I",,T83I,,"G71E, E153Q, S209R",,"G283E, M288R","G27D, A97V, T105A, V205L, G391A",,"S39R, G148A",,L71R,"A4T, G68S, Y345H, G362S",S87L,D533E,,,"L88P, D161G, H182Q, R204C, V243A",,,,,
COLIMERO_07-017,,R,64/4,I,,I,˃64,R,,R,,R,,R,˃16,R,˃32,R,,I,,I,64/4,R,,GES-1,"aacA4, aadA6",,V126E,,G957D,,A208V,A287S,M1S,,Y85F,,"D249N, H398R","L153R, S170N",V735A,"A30T, W358R",nt289Δ11,D249N,"P60S, F172I",,T83I,,"G71E, E153Q, S209R",,"G283E, M288R","G27D, A97V, T105A, V205L, G391A",,"S39R, G148A",,L71R,"A4T, G68S, Y345H, G362S",S87L,D533E,,,"L88P, D161G, H182Q, R204C, V243A",,,,,
COLIMERO_04-017,,R,˃256/4,R,,R,,R,,R,,R,,R,˃16,R,,R,,S,,I,8/4,I,>1024,OXA-46,aacA4,E468D,V126E,,,,"A219T, A237E",,,,,,"L137P, H398R",G30D,G530S,"K329Q, L331V, W358R",V23F,D249N,F172I,,"T83I, V671I, G860S, D893E, S903A",,G71E,,G283E,T105A,,"V10G, G148A",,L71R,"A4T, V6A, V15I, G68S, Y345H","S87L, E91V, L168Q",,,resf,"L88P, D161G, H182Q, V243A",,,,,
COLIMERO_10-009,˃512,R,256/4,R,˃128,R,˃64,R,,R,˃64,R,˃32,R,,R,,R,,I,,R,˃64/4,R,,VIM-2,aacA29a,,V126E,,,,A219T,,nt1307insA,,,,"L137P, H398R",nt621Δ4,G530S,"K329Q, L331V, W358R",,D249N,F172I,,"T83I, V671I, G860S, D893E, S903A",,G71E,,G283E,T105A,,"Q88L, G148A",,L71R,"A4T, V6A, V15I, G68S, Y345H","G85C, S87L",,G596R,,"L88P, D161G, H182Q, V243A",,,,,
COLIMERO_01-001,˃512,R,128/4,R,,S,˃64,R,˃64,R,˃64,R,˃32,R,,R,,S,,S,,I,˃64/4,R,,VIM-1,"aadA1, aacC1",,V126E,,,,,,W277*,,,,H398R,"L153R, S170N","I536V, T543A, G589A, Q840E, N1036T, Q1039R","A30T, K329Q, L331V, W358R","V105G, N186S",D249N,"F172I, E202*","A22T, Q156H","T83I, V671I, G860S, D893E",,"G71E, A145V, S209R",,"E114A, G283E, M288R","A55T, T105A, Q155R, V205L, G391A",,,"R21H, D56G",,"A4T, V15I, G68S, Y345H",S87W,D533E,"I418V, N622K",,"C40R, L88P, S112N, D119E, I237V, V243A",,A481T,,,
COLIMERO_01-008,˃512,R,˃256/4,R,,S,˃64,R,˃64,R,˃64,R,˃32,R,˃16,R,,S,,S,,I,˃64/4,R,,VIM-1,"aadA1, aacC1",,V126E,,,,,,W277*,,,,H398R,"L153R, S170N","I536V, T543A, G589A, Q840E, N1036T, Q1039R","A30T, K329Q, L331V, W358R","V105G, N186S",D249N,F172I,Q156H,"T83I, V671I, G860S, D893E",,"G71E, A145V, S209R",,"E114A, G283E, M288R","A55T, T105A, Q155R, V205L, G391A",,,"R21H, D56G",,"A4T, V15I, G68S, Y345H",S87W,D533E,"I418V, N622K",,"C40R, L88P, S112N, D119E, I237V, V243A",,A481T,,,
COLIMERO_09-007,,R,˃256/4,R,,R,,R,,R,,R,,R,,R,,S,,S,,I,4/4,S,,,,,V126E,,,D448N,,S250N,W138*,,,,H398R,"L153R, S170N","I536V, T543A, G589A, Q840E, N1036T, Q1039R","K329Q, L331V, W358R",L199R,"V73A, D249N","P60S, F172I",,T83I,,"G71E, A145V, S209R",,"E114A, I251V, G283E, M288R","P7S, T105A, V205L, V356I, G391A",,,,L71R,Y345H,,D533E,"E161Q, I418V, Q454H",Ter449Gext*,"C40R, L88P, S112N, D119E, D207N, I237V, V243A",V89D,,A254T,,
COLIMERO_09-013,,R,256/4,R,,R,,R,,R,,R,,R,,I,,S,,S,,I,4/4,S,,,,,V126E,,,D448N,,,W138*,,,E253D,H398R,"L153R, S170N","I536V, T543A, G589A, Q840E, N1036T, Q1039R","K329Q, L331V","R13H, L199R",D249N,,,T83I,,"G71E, A145V, S209R",,,"P7S, T105A, V205L",,,,L71R,Y345H,,D533E,"M196L, I418V, Q454H",Ter449Gext*,"C40R, L88P, S112N, D119E, D207N, I237V, V243A",V89D,,,,
COLIMERO_06-035,,R,64/4,I,,R,,R,,R,,R,>32,R,,S,,S,˂2,S,,S,4/4,S,,,,,nt215Δ11,,,,A219T,,,,,,H398R,"L153R, S170N",,,,D249N,"P60S, F172I",,,,"G71E, S209R, P210L",,,T105A,,"G148A, S175L",,L71R,Y345H,"V419L, V646L",,,Ter449Gext*,"L88P, D161G, H182Q, V243A",,,,,
COLIMERO_06-014,,R,128/4,R,,I,,I,,R,,R,,R,,R,,I,,S,,I,4/4,S,≤2,OXA-10,,,,,,,A219T,,nt1200insC,,,,"V291L, H398R",,T543A,,Q132P,D249N,,,,,"G71E, S209R",,,"T105A, L176R",,"Q44H, G148A, D183Y",W115*,,Y345H,,,,S119C,"L88P, D161G, H182Q, V243A",,,,,
COLIMERO_09-011,,R,256/4,R,,R,,R,,R,˃64,R,,R,,R,,R,,R,,S,8/4,I,>1024,,,H148N,,L338Q,,,,S250N,nt434Δ1,,,,"A82T, L141P, L246P, H398R",,"M347T, T543A, Q840E","K329Q, L331V, D346H, W358R",,"V132A, D249N",F172I,A394P,"T83I, D87N, K408R",,"G71E, S209R",,E88K,"T21A, T105A, G391A",F533L,"R11L, G148A, D183Y",,"L71R, L134P","G188S, E213D, Y345H",,,R378H,G369D,"L88P, D119E",,,,,Y552C
COLIMERO_10-017,,I,64/4,I,,R,,R,,S,,R,,R,˃16,R,,R,,S,,I,1/4,S,>1024,,"aadA13, aadB",,,,,,R66C,S250N,,,,,"R385H, H398R",G137D,T543A,H119Y,,"D201N, D249N",F172I,,T83I,,G71E,,,"T105A, L176R",,A134V,,"L71R, T142P","L31P, Y345H",S87L,V200M,,resf,"L88P, D161G, H182Q, V243A",,,,,
COLIMERO_10-019,,R,256/4,R,,R,,R,,R,,R,,R,˃16,R,,S,˂2,S,,I,8/4,I,,,,"T235S, E239Q, I529V, I529M, S578A, T640S","C30R, L95F, R114C, V126E",Y120F,"K196R, N248K, S583T, A707S",K196R,"K36E, H53R, P55A, E168A, T179S, D197E, V213I, Y234H",V305M,W277*,"I50V, S72A, E144G","A15T, D90H, R94S, N104H",,I27L,,"I15V, V24I, V61L, V139I, S144A, L162F, K191R, I499L, D502G, N526K, A533V, T543A, G589A, R633Q, E634D, E688D, L697F, K773R, G776S, R782Q, K800R, I849V, F858Y, Q955R","K236Q, K329Q, R338H, I349V, D384G, W358R",T31N,"L82P, T148S, S179C, E181D, E184D, D249N, V308I","nt59Δ1, R22G, F172I","nt1062Δ10, T27S, S150G, N197S","T83I, V671I, G860S","E120D, D147E",,"D231E, S355T",,,"Y5H, L240V","E163Q, S175P",,"L71R, E131A","L35V, T63S","S331T, F360Y, K474R, T556S, F601Y, S635A","S147T, K157R, D419N","N223D, V244I, E245D, M389L, I403V, K431Q, L532V, V613A, A617T","S156G, V334I, L403M",,"A8V, S12A, A30V","T112S, V439A, V490L, D493N, A532V, L534P, L631R",,,
COLIMERO_10-021,,R,256/4,R,,R,,R,,R,,R,,R,,S,,S,˂2,S,,S,8/4,I,,,,V146L,V42E,,I745V,,A219T,,W138*,,,,H398R,,T543A,"K329Q, R351S",,D249N,F172I,,,G206S,"G71E, A186T",,,"R79Q, T105A",,"S91F, G148A, S175L",,L71R,"A4T, Y345H",,S346T,,,"A87T, L88P, D161G, H182Q, V243A",,,,,
COLIMERO_06-025,,R,256/4,R,,R,,R,,R,,R,,R,,R,,S,<2,S,,I,4/4,S,,,,,,D373N,,,A219T,,nt69InsC,A149V,,,H398R,"A23T, L164Q",,"A113T, K329Q, L331V, W358R",,"A87V, D249N","P60S, F172I",A394P,"T83I, T571A",,G71E,,,"T105A, V205L, D257V",,G148A,T2P,L71R,Y345H,,,,,"L88P, D161G, H182Q, V243A, R322H",T258A,H402L,E52Q,,
COLIMERO_06-027,,R,128/4,R,,R,,R,,R,,R,,R,,R,,S,,S,,I,4/4,S,,,,,,,,,A219T,,R154L,,,,H398R,,,"A113T, K329Q, L331V, W358R","nt216Δ3, nt225Δ10",D249N,"P60S, F172I","A394P, nt1223InsGAGTGC",T83I,,"G71E, S209R",,,T105A,,"A136V, G148A",,L71R,Y345H,P506S,,,,"L88P, D161G, H182Q, V243A",,,,,
COLIMERO_06-001,,R,>256/4,R,,R,>64,R,,R,,R,,R,,R,,S,,S,,I,4/4,S,>1024,,,,V126E,,"V770A, S1041Y",,E168D,"L15F, S250N",nt475insC,,,,"L54P, H398R","L153R, S170N","R362H, T543A, N1036T, Q1039R","A30T, I212L, K329Q, L331V, W358R",,D249N,"P60S, F172I",V289I,A51V,,"G71E, A145V, S209R",,"G283E, M288R","T21A, T105A, V205L, G391A",N117S,W9R,A30T,,"S2P, A4T, V15I, G68S, Y345H",,"V520A, D533E",I418V,Ter449Gext*,"C40R, L88P, S112N, D119E, V243A",,,,,
