ISOLATE ID,TIC (mg/L),EUCASTv9.0.,AZT (mg/L),EUCASTv9.0.,P/TZ (mg/L),EUCASTv9.0.,TAZ (mg/L),EUCASTv9.0.,FEP (mg/L),EUCASTv9.0.,IMI (mg/L),EUCASTv9.0.,MER (mg/L),EUCASTv9.0.,C/T (mg/L),EUCASTv9.0.,CZA (mg/L),EUCASTv9.0.,CIP (mg/L),EUCASTv9.0.,AMI (mg/L),EUCASTv9.0.,TOB (mg/L),EUCASTv9.0.,COL (mg/L),EUCASTv9.0.,Acquired resistance determinants,PA0004 gyrB ,PA0424 mexR,PA0425 mexA,PA0426 mexB,PA0427 oprM,PA0807  ampDh3,PA0869 pbpG (PBP7),PA0958 oprD,oprD           REF. strain,PA1179    phoP,PA1180 phoQ,PA1798  parS,PA1799 parR,PA2018mexY,PA2019mexX,PA2020 mexZ,PA2023 galU,PA2272 pbpC (PBP3a),PA2491 mexS,PA2492 mexT,PA2493 mexE,PA2494 mexF,PA2495 oprN,PA3047 dacB,PA3168 gyrA,PA3574 nalD,PA3721 nalC,PA3999 dacC,PA4003 pbpA,PA4020 mpl,PA4109 ampR,PA4110 ampC,PA4266 fusA1,PA4418 ftsI   (PBP3),PA4522 ampD,PA4597 oprJ,PA4598 mexD,PA4599 mexC,PA4600 nfxB,PA4700 mrcB (PBP1b),PA4776 pmrA,PA4777 pmrB,PA4964 parC,PA4967 parE,PA5045 ponA (PBP1A),PA5235 glpT,PA5471 armZ,PA5485 ampDh2,PA5513 poxA,PA5514,PA5542 PIB-1
AND01-011,16,S,4,S,≤4,S,2,S,2,S,2,S,≤0.5,S,≤0.5,S,2,S,≤0.12,S,4,S,0.5,S,1,S,,,,,,,A219T,,,LESB58,P31Q,,H398R,,"D428N, T543A, Q840E","K329Q, L331V, W358R",,,,D249N,"F172I, nt234∆8",,,,,,,"G71E, S209R",,,M297V,,"R79Q, T105A",,,"Q44H, G148A, D183Y","D68G, M69V, Q267R","A566T, V607A, S845A",,,L353Q,,Y345H,,,,X449ext,"L88P, D161G, H182Q, V243A",,"F7S, A82S","F6L, D109E, R167H","I106V, S325T"
AND01-028,32,R,4,S,≤4,S,2,S,≤1,S,1,S,≤0.5,S,≤0.5,S,1,S,≤0.12,S,≤2,S,≤0.25,S,2,S,,,,,,,A219T,,,FRD1,,,H398R,,"Q843P, P1032S","K329Q, L331V, W358R",,,A104P,D249N,"P60S, F172I, nt234∆8",,,,,,,G71E,,,M297V,,T105A,,,G148A,M69V,"E257Q, S845A",S330A,,"S25G, L353Q",L71R,Y345H,,,,,"L88P, D161G, H182Q, V243A, R322H",,"F7S, A50T, T232I","F6L, D109E, R167H","T68S, I106V"
AND02-007,32,R,4,S,≤4,S,2,S,2,S,2,S,≤0.5,S,≤0.5,S,2,S,≤0.12,S,≤2,S,0.5,S,2,S,,,,,,,A219T,S250N,,F23197,,,H398R,,"I531T, T543A, Q840E","K329Q, L331V, W358R",,,A104P,D249N,"F172I, nt234∆8",,E860G,,A35T,N200S,,"G71E, S209R",,,,,T105A,,,G148A,"M69V, G322A","E257Q, S845A, S896T",I133V,,,L71R,"E269K, Y345H",,,,G422S,"L88P, D161G, H182Q, V243A",,"F7S, G229D, V265A","T16A, R83K, D109E, N134D",I106V
AND02-013,32,R,4,S,≤4,S,2,S,2,S,2,S,1,S,≤0.5,S,2,S,≤0.12,S,4,S,0.5,S,2,S,,,"V126E, V132A",,,,A219T,,,UCBPP-PA14,,,H398R,"L153R, S170N",,"K329Q, L331V, W358R",,,"A104P, I447V",D249N,"F172I, nt234∆8","S8F, S22G",,"S13P, S77N",,,,"G71E, S209R",V50I,,M297V,,"T105A, L176R",,,G148A,M69V,"E257Q, S845A",,,S25G,L71R,Y345H,"V419L, V646L",,aa616InsP,,"L88P, D161G, H182Q, V243A",,"F7S, A280T","D109E, R167H","T68S, I106V"
AND02-039,16,S,4,S,≤4,S,2,S,2,S,2,S,≤0.5,S,≤0.5,S,1,S,≤0.12,S,≤2,S,≤0.25,S,2,S,,,,,,,,S250N,,F23197,,,H398R,,T543A,"R282C, K329Q, L331V, W358R",,,A104P,D249N,"F172I, nt234∆8",,,,,aa911∆2,,,,,M297V,,"R79Q, T105A, R284H",,,"G148A, D183Y",M69V,E257Q,"R76Q, P351L",,L353Q,L71R,"A4T, Y345H",,,A399P,,"L88P, D161G, H182Q, V243A",,"F7S, A50T, T232I",D109E,"I106V, S325T"
AND03-024,16,S,≤2,S,≤4,S,≤1,S,2,S,1,S,≤0.5,S,≤0.5,S,1,S,≤0.12,S,≤2,S,≤0.25,S,1,S,,,,,,"A478T, nt1451InsC",A219T,S250N,,LESB58,,,H398R,A41G,"I536V, T543A, G589A","A30T, K329Q, L331V, W358R, A375P, A383P",L138R,,A104P,D249N,"P60S, F172I, nt234∆8",,,S13P,A474T,,,G71E,,,,,"R79Q, T105A, R235H",,,"G148A, S175L","M69V, L291F","T87S, E257Q, E602K, S845A","H310R, S330A, A378T, A384V",,"S25G, L353Q, G503D",L71R,Y345H,,,,,"L88P, D161G, H182Q, V243A, G258S",,"F7S, T232I, D279A","D109E, R167H","I106V, D302N, A412T"
AND03-031,32,R,4,S,≤4,S,2,S,2,S,1,S,1,S,≤0.5,S,1,S,≤0.12,S,4,S,0.5,S,2,S,,,V126E,,,,,S250N,,UCBPP-PA14,,,"R243H, H398R","L153R, S170N","T543A, N1036T","A30T, K329Q, L331V, W358R",,,A104P,D249N,"R40H, F172I, nt234∆8",S8F,,S13P,,,,"G71E, A145V, S209R",,,M297V,"E114A, G283E, M288R","G27D, T105A, V205L, S306T, G391A",,,,,"T87S, S845A","E251Q, A262E, A277T, H310R, S330A, A378T",,"S25G, L353Q",,"A4T, V15I, G68S, Y345H",,D533E,"D73N, aa616InsP",,"C40R, L88P, D104E, S112N, D119E, H182Q, I237V, V243A","F9I, R189H","F7S, V265A","T16A, Q25R, R137H","V77A, I106V"
AND04-008,16,S,4,S,≤4,S,2,S,4,S,4,S,2,S,1,S,1,S,≤0.12,S,≤2,S,≤0.25,S,2,S,,,,,,A261T,A219T,S250N,,F23197,,,H398R,,"T543A, Q840E","K329Q, L331V, W358R",,,A104P,D249N,"F172I, nt234∆8",P397Q,,,,,,"G71E, S209R",,,"M297V, A303V",,"R79Q, T105A",,,"D28G, G148A, S175L","M69V, Q267R","E257Q, S845A",S330A,,S25G,L71R,Y345H,H262Q,,"E53K, S631I, aa616InsP",A439T,"L88P, D161G, H182Q, V243A",,"F7S, A50T, T232I","D109E, R167H","I106V, P161L"
AND04-015,≤8,S,≤2,S,≤4,S,≤1,S,4,S,1,S,≤0.5,S,≤0.5,S,≤0.5,S,≤0.12,S,≤2,S,≤0.25,S,≤0.5,S,,,,C24G,S183L,,D235G,S250N,,LESB58,,,"T131P, H398R",,T543A,"K329Q, L331V, W358R",,,,"D249N, V318I","P60S, F172I, nt234∆8",A27V,,,,,,"G71E, S209R",,,,,"T105A, E198K, V205L",,,"G148A, S175L","A40G, D68G, M69V","E257Q, S606L, S845A",S330A,,L353Q,,Y345H,V646L,D142N,,W149R,"L88P, D161G, H182Q",,"A50T, T232I","D109E, R167H","T68A, I106V"
AND05-018,32,R,4,S,≤4,S,2,S,2,S,4,S,≤0.5,S,≤0.5,S,1,S,≤0.12,S,4,S,1,S,1,S,,,,,,,D235G,,,FRD1,,,H398R,M160T,"F29S, T543A","V44I, K329Q, L331V, W358R",,,"A104P, A420S",D249N,"P60S, F172I, nt234∆8",,,A360T,,,D187H,"G71E, S209R",,,,,"T105A, L176R",,,"R11L, G148A, D183Y","D35H, M69V","E257Q, V384L, S845A",,,"S25G, W26R",L71R,Y345H,Q405R,,"P388S, aa616InsP",,"L88P, D161G, H182Q, V243A",,F7S,"R49C, D109E, L170I",I106V
AND05-041,32,R,4,S,≤4,S,2,S,2,S,1,S,1,S,≤0.5,S,1,S,≤0.12,S,≤2,S,≤0.25,S,1,S,,,,,,,A219T,S250N,,PAO1,,,H398R,,"Y181D, Q282R, T543A","K329Q, L331V, W358R",,,A104P,"A75V, D249N","P60S, F172I, nt234∆8",,,,,,,,,,"M297V, A303V",,,,,"R11L, G148A, D183Y","D68G, M69V",S845A,"R76Q, H310R, S330A, P383S",,S96N,L71R,,,,aa616InsP,A121T,"L88P, G157D, D161G, H182Q, V243A",,"F7S, T232I","R49C, D109E, R167H",I106V
AND06-013,16,S,4,S,≤4,S,2,S,2,S,2,S,1,S,≤0.5,S,1,S,≤0.12,S,≤2,S,≤0.25,S,2,S,,,,,,,A219T,S250N,,PAO1,,,H398R,,"T543A, Q840E","K329Q, L331V, W358R",,,A104P,"A75V, D249N","P60S, F172I, nt234∆8",,,,,,,,,,"M297V, A303V",,,,,"R11L, G148A, D183Y","D68G, M69V",S845A,"R76Q, H310R, S330A, P383S",,S96N,L71R,,,,aa616InsP,A121T,"L88P, G157D, D161G, H182Q, V243A",,"F7S, T232I","R49C, D109E, R167H",I106V
AND06-028,32,R,4,S,≤4,S,2,S,2,S,1,S,≤0.5,S,1,S,2,S,≤0.12,S,≤2,S,0.5,S,1,S,,,V126E,,,,"R182C, A219T",S250N,,FRD1,,,H398R,,T543A,"K329Q, L331V, W358R",,,,D249N,"F172I, nt234∆8",,,A38T,A394P,,,"G71E, S209R",,,"M297V, A303V",E114A,,,N117S,,"D68G, M69V, Q267R","E257Q, S845A",,,"S25G, L353Q",L71R,,,,aa616InsP,,"C40R, L88P, S112N, D119E, D207N, I237V, V243A",,F7S,"D109E, R167H",I106V
AND07-023,32,R,4,S,≤4,S,2,S,2,S,1,S,≤0.5,S,≤0.5,S,2,S,≤0.12,S,≤2,S,1,S,1,S,,,V126E,,I186V,,,S250N,,MTB-1,,A391V,H398R,"T135A, L153R, S170N","I536V, T543A, G589A, Q840E, N1036T, Q1039R","A30T, K329Q, L331V, W358R, S382G",L138R,,A104P,D249N,"P60S, F172I, nt234∆8","S8F, P337A",,"S13P, G364S",,,,"G71E, A145V, S209R",,,M297V,E114A,"G27D, T105A, Q155R, V205L, G391A",I186V,A139S,A29T,"Q267R, T376S","E257Q, N775K, S845A, K1031R, S1040T","A262E, S330A, P383S",,"S25G, L353Q","L71R, E131D","A4T, G68S, A119T, Y345H",,D533E,"H628N, aa616InsP",X449ext,"C40R, L88P, S112N, D119E, I237V, V243A",Q117E,"F7S, V265A, D279A","T16A, R83K, K112E",I106V
AND07-034,32,R,4,S,≤4,S,≤1,S,2,S,1,S,≤0.5,S,1,S,2,S,0.25,S,4,S,0.5,S,1,S,,,,,,,I67T,S250N,,LESB58,,,H398R,,F29S,"K329Q, L331V, W358R",,,"A104P, I143L",D249N,"F172I, nt234∆8",,,,,,,"G71E, S209R",,,M297V,"G283E, M288R",T105A,,,"G148A, S175L","D68G, M69V",S845A,S330A,,,L71R,Y345H,,,,,"D161G, H182Q, V243A",,"F7S, V265A, D279A",F6L,"I106V, D302N"
ARA01-014,16,S,≤2,S,≤4,S,≤1,S,2,S,1,S,1,S,≤0.5,S,1,S,≤0.12,S,≤2,S,≤0.25,S,1,S,,,,,,,,,,PAO1,,,H398R,,,,,,,D249N,"F172I, nt234∆8",,,,,,,,,,,,,,,,,,,,,,,,,,,,,,,
ARA01-041,32,R,≤2,S,≤4,S,2,S,2,S,1,S,≤0.5,S,≤0.5,S,2,S,≤0.12,S,4,S,0.5,S,1,S,,,V126E,,,,A208V,S250N,,MTB-1,,,"V295I, V313I, H398R","L153R, S170N","I536V, T543A, G589A, Q840E","A30T, K329Q, L331M, W358R",,,A104P,D249N,"F172I, nt234∆8","S8F, D353E, D370E","D230A, D666E, V957I",S13P,,,,"G71E, A145V, S209R",,,,"G283E, M288R","P23S, T105A, V205L, G391A",I186V,,G148A,,"E314D, S845A","R76Q, T175A, H310R, S313G, S330A, P383S",,"S25G, L353Q",,"A4T, V15I, G68S, Y345H",S197L,D533E,"I418V, aa616InsP","L101M, X449ext","C40R, A58V, L88P, S112N, D119E, D161G, H182Q, V243A",,"F7S, G229D, V265A, D279A","T16A, R83K, K112E","V77A, I106V"
ARA01-046,16,S,4,S,≤4,S,≤1,S,≤1,S,≤0.5,S,≤0.5,S,≤0.5,S,≤0.5,S,≤0.12,S,≤2,S,≤0.25,S,2,S,,,,,,,A219T,,,LESB58,,,H398R,,T543A,"K329Q, L331V, W358R",,,A104P,"D249N, nt390Δ11","F172I, nt234∆8, aa92Δ4",A383G,,,A394P,,,G71E,,,,,T105A,,,,"M69V, Q267R",S845A,S330A,,L353Q,L71R,Y345H,H262Q,,"A368T, S631I",,"L88P, D161G, H182Q, V243A",,F7S,"R49C, D109E",I106V
ARA02-006,16,S,4,S,≤4,S,2,S,2,S,2,S,≤0.5,S,≤0.5,S,2,S,≤0.12,S,≤2,S,≤0.25,S,1,S,,,,,,,D235G,,,FRD1,,,H398R,M160T,"F29S, T543A","V44I, K329Q, L331V, W358R",,,A104P,D249N,"P60S, F172I, nt234∆8",,,A360T,,,D187H,"G71E, S209R",,,,,"T105A, L176R",,,"R11L, G148A, D183Y","D35H, M69V","E257Q, V384L, S845A",,,"S25G, W26R",L71R,Y345H,Q405R,,"P388S, aa616InsP",,"L88P, D161G, H182Q, V243A",,F7S,"R49C, D109E, L170I",I106V
ARA02-038,32,R,4,S,≤4,S,2,S,2,S,1,S,≤0.5,S,≤0.5,S,2,S,≤0.12,S,≤2,S,≤0.25,S,1,S,,,,,,,A219T,,,MTB-1,,,H398R,"A44S, L153R, S170N","D149Y, I536V, T543A, G589A, E731G, Q840E, N1036T","A30T, K329Q, L331V, W358R",,,A104P,D249N,"P60S, F172I, nt234∆8",,,,,,,"G71E, A145V, S209R",,,M297V,,T105A,I186V,,,,"E257Q, S845A, I982V, K1031R, S1040T","R76Q, S330A",,L353Q,H139Y,Y345H,S197L,D533E,,X449ext,"L88P, D161G, H182Q, V243A",,"F7S, V265A, D279A","T16A, Q25R","A19S, V77A, I106V"
ARA03-006,16,S,4,S,≤4,S,2,S,2,S,1,S,≤0.5,S,≤0.5,S,2,S,≤0.12,S,4,S,0.5,S,1,S,,,,,,,I171V,,,LESB58,,,H398R,,,"L331V, K329Q",,,A104P,D249N,"F172I, nt234∆8",,,G16S,,,,"G71E, S209R",,,M297V,R244W,T105A,,,G148A,M69V,"E257Q, S845A",S330A,A170T,"S25G, L353Q",L71R,Y345H,V646L,D533E,,"H114R, V246I","L88P, D161G, H182Q, V243A",,"F7S, A191V, R212H, T232I, V265A, D279A",T16A,"I106V, D302N"
AST01-011,32,R,4,S,≤4,S,2,S,2,S,2,S,≤0.5,S,≤0.5,S,2,S,≤0.12,S,≤2,S,0.5,S,1,S,,,,,,,"I67T, A219T",,,LESB58,,,H398R,,"T543A, Q840E, Q1039R","K329Q, L331V, W358R",,,,D249N,"F172I, nt234∆8",,F509V,R150H,A394P,,,,,,M297V,,,,,"G148A, S175L",Q267R,S845A,A227V,,"S25G, L353Q, K607R",L71R,"S2P, A4T, H311Q, Y345H, A413T",N633S,,"V643I, aa616InsP",,"L88P, D161G, H182Q, V243A",,F7S,"R49C, D109E","I106V, D302N"
AST01-034,16,S,≤2,S,≤4,S,2,S,≤1,S,1,S,≤0.5,S,≤0.5,S,1,S,≤0.12,S,≤2,S,≤0.25,S,1,S,,,V126E,,,,,,,UCBPP-PA14,,,H398R,"L153R, S170N","I536V, T543A, G589A, Q840E, N1036T, Q1039R","A30T, K329Q, L331V, W358R","N186S, L138R",,A104P,D249N,"F172I, nt234∆8",,,S13P,Q156H,aa911∆2,,"G71E, A145V, S209R",,,M297V,"E114A, G283E, M288R","G27D, A55T, T105A, Q155R, V205L, G391A",,,,"D68G, M69V","T87S, A155T, E257Q, V660I, S845A, I982V, K1031R, S1040T","P47S, R76Q, H310R, S330A, A378T","R21H, D56G","S25G, L353Q",,"S2P, A4T, V15I, G68S, Y345H",,D533E,"I418T, N622K",,"C40R, L88P, S112N, D119E, I237V, V243A",,"F7S, V265A, D279A","T16A, Q25R","R97T, R100H, I106V, E123A, S224T"
AST01-039,16,S,4,S,≤4,S,2,S,2,S,2,S,≤0.5,1,≤0.5,S,1,S,≤0.12,S,≤2,S,≤0.25,S,2,S,,,,,,,R66C,S250N,,LESB58,,,H398R,,T543A,"H119Y, K329Q, W358R",,,A104P,D249N,"F172I, nt234∆8",,,,,,,G71E,,,"M297V, V358I",,"T105A, L176R",,A481S,A134V,"M69V, Q267R","E257Q, S845A",S330A,,,L71R,Y345H,,V200M,aa616InsP,,"L88P, D161G, H182Q, V243A",,"F7S, G229D, V265A","T16A, V148A",I106V
BAL01-005,16,S,4,S,≤4,S,≤1,S,≤1,S,≤0.5,S,1,S,≤0.5,S,1,S,≤0.12,S,4,S,0.5,S,≤0.5,S,,A720V,V126E,,,,,S250N,,UCBPP-PA14,,,H398R,,"I536V, T543A, N1036T","A30T, K329Q, L331V, W358R",,,A104P,D249N,"F172I, nt234∆8",,,,,,,"G71E, S209R",,,M297V,"E114A, G283E, M288R","T21A, T105A, V205L, G391A",,,,,S845A,"R76Q, T175A, H310R, S330A, E347K, P383S",,"S25G, L353Q",,"A4T, V15I, G68S, Y345H",A233P,D533E,N622K,,"C40R, L88P, S112N, D119E, D207N, I237V, V243A, A352V","F9I, R189H","F7S, G229D, V265A","T16A, R83K","I106V, P249L"
BAL01-007,16,S,≤2,S,≤4,S,2,S,≤1,S,1,S,≤0.5,S,≤0.5,S,1,S,≤0.12,S,≤2,S,≤0.25,S,1,S,,,,,nt1435∆1,,,,,UCBPP-PA14,,,H398R,"L153R, S170N","Q282R, V431I","L22M, D135Y, K329Q, L331V, W358R",,,,D249N,"F172I, nt234∆8",,,,,"T847A, aa911∆2",,"G71E, S209R, P210L",,,M297V,,T105A,,,"G148A, S175L","D68G, M69V, A372V","E257Q, S845A",,,S25G,L71R,Y345H,,,,X449ext,"L88P, D161G, H182Q, V243A",,F7S,"R49C, D109E","I106V, S224G"
BAL02-010,≤8,S,≤2,S,≤4,S,≤1,S,≤1,S,≤0.5,S,≤0.5,S,≤0.5,S,1,S,≤0.12,S,≤2,S,≤0.25,S,1,S,,,"A103T, V126E",,"I186V, E845D",,A219T,,,FRD1,,,"V327L, H398R","R34H, L153R, S170N","I536V, T543A, G589A, Q840E, N1036T, Q1039R","A30T, K329Q, L331V, W358R",,,"R82K, A104P",D249N,"P60S, F172I, nt234∆8","D353E, D370E","D230A, D666E","S13P, T34P, S77N, A410S",,,,"A145V, S209R",,,,"A51T, E114A","F19L, T105A, V205L, V356I, G391A",I186V,,G148A,T376S,"T87S, A155T, E257Q, S281L, V434A, V660I, S845A, I982V, K1031R, S1040T","H310R, S341A",,"S25G, L353Q, A751T",L71R,"A4T, G68S, A119T, Y345H",,D533E,"D625A, H628N",,"C40R, L88P, S112N, D119E, D161G, H182Q, I237V, V243A",,"F7S, V265A, D279A, nt389InsCCCGG","T16A, R83K, K112E",
BAL02-033,32,R,4,S,≤4,S,2,S,2,S,2,S,≤0.5,S,≤0.5,S,1,S,≤0.12,S,4,S,0.5,S,2,S,,I769V,,,,,,S250N,,LESB58,,,H398R,,"T543A, R722S, Q840E","K329Q, L331V, W358R",,,"P54S, A104P",D249N,"F172I, nt234∆8",,,,,,,G71E,,,M297V,A10S,"R79Q, T105A",,,,"D68G, M69V",S845A,S330A,,L353Q,L71R,Y345H,,,"P388S, aa616InsP",,"L88P, D119E",,"F7S, T232I, D279A","D109E, R167H","I106V, P161L"
BAL03-015,≤8 ,S,≤2,S,≤4,S,≤1,S,≤1,S,1,S,≤0.5,S,≤0.5 ,S,≤0.5,S,≤0.12,S,≤2,S,≤0.25 ,S,2,S,,A623T,V126E,"V286I, D342E",I186V,,D197E,,,MTB-1,,A391V,H398R,"L153R, S170N","G423C, I536V, T543A, N1036T, Q1039R","A30T, V309I, K329Q, L331V, W358R",L138R,,A104P,"V73A, D249N","P60S, F172I, nt234∆8","S8F, D353E, D370E","D230A, D666E","S13P, A410S",,aa911∆2,,"G71E, A145V, S209R",,P621L,,G283E,"T21A, T105A, Q117E, Q155R, V205L, G391A",,,"Q44K, G148A","T376S, K413M","T87S, A155T, V343A, S845A, I982V, K1031R, S1040T","R76Q, H310R, S330A, A378T",,"S25G, L353Q",L71R,Y345H,"S197L, E498D",D533E,I418V,"L101M, X449ext","T32I, C40R, S112N, D119E, I237V, V243A",,"F7S, G229D, V265A, V267A","T16A, V148A","V77A, I106V"
BAL03-041,32,R,4,S,≤4,S,≤1,S,2,S,4,S,2,S,1,S,1,S,≤0.12,S,≤2,S,≤0.25,S,2,S,aadA6,,V126E,,G957D,,A208V,A287S,,UCBPP-PA14,,Y85F,H398R,"L153R, S170N",T543A,"A30T, K329Q, L331V, W358R",,,"A104P, V466I","P94S, D249N","P60S, F172I, nt234∆8",DELETED,∆2646nt,S13P,,,,"G71E, E153Q, S209R",,,,"G283E, M288R","G27D, A97V, T105A, V205L, G391A",,,G148A,"M69V, Q267R","S845A, I982V","A31V, R76Q, H310R, S330A, P383S",,"S25G, L353Q",L71R,"A4T, G68S, Y345H, G362S",,D533E,aa616InsP,,"L88P, D161G, H182Q, R204C, V243A",,"F7S, V265A, D279A","T16A, Q25R","I106V, S224T"
BAL04-008,16,S,4,S,≤4,S,2,S,2,S,1,S,≤0.5,S,≤0.5,S,2,S,≤0.12,S,≤2,S,0.5,S,1,S,,,V126E,,,,,S250N,,MTB-1,,,"S352I, H398R",L153R,"T543A, N1036T, Q1039R","A30T, K329Q, L331V, W358R",,,A104P,D249N,"F172I, nt234∆8",P397Q,,,,,,S209R,,,,,"T21A, T105A, Q117E, V205L, G391A",I186V,,,"M69V, Q267R","T87S, A155T, V343A, S845A","A49V, R76Q, H310R, S330A, A378T","R21H, D56G","S25G, L353Q",,"A4T, V15I, G68S, Y345H",,D533E,D73N,,"C40R, L88P, S112N, D119E, I237V, V243A, P244L",,"F7S, V265A, D279A","T16A, Q25R","V77A, I106V, P219T"
BAL04-019,32,R,4,S,≤4,S,2,S,2,S,1,S,≤0.5,S,1,S,2,S,≤0.12,S,≤2,S,≤0.25,S,1,S,,,,,,,,S250N,,LESB58,,,H398R,"L58R, L153R, S170N","T543A, Q840E","K329Q, L331V, D346H, W358R",,,A104P,D249N,"F172I, nt234∆8",S8F,,"A4T, S13P",A394P,,,"G71E, S209R",,,"M297V, A303V",,T105A,,,G148A,"M69V, Q267R",E257Q,S330A,,,L71R,Y345H,,,aa616InsP,,"L88P, D161G, H182Q, V243A",,"F7S, G229D, V265A","T16A, R83K, D109E, N134D",I106V
CAN01-009,32,R,4,S,≤4,S,2,S,2,S,2,S,≤0.5,S,≤0.5,S,1,S,≤0.12,S,4,S,2,S,2,S,,,,,,,D235G,,,FRD1,,,H398R,M160T,T543A,"V44I, K329Q, L331V, W358R",,,A104P,D249N,"P60S, F172I, nt234∆8",,,A360T,,,D187H,"G71E, S209R",,,,,"T105A, L176R",,,"R11L, G148A, D183Y","D35H, M69V","E257Q, V384L, S845A",,,"S25G, W26R",L71R,Y345H,Q405R,,"P388S, aa616InsP",,"L88P, D161G, H182Q, V243A",,F7S,"R49C, D109E, L170I",I106V
CAT01-003,≤8,S,≤2,S,≤4,S,≤1,S,≤1,S,1,S,≤0.5,S,≤0.5,S,1,S,≤0.12,S,≤2,S,≤0.25,S,1,S,,,,,,,D75G,S250N,,MTB-1,,Q263H,"R356L, H398R","L153R, S170N","I536V, T543A, G589A, Q840E, N1036T, Q1039R","K329Q, L331V, G344D, W358R",,,A104P,D249N,"F172I, nt234∆8",S8F,,"A4T, S13P",,,,"G71E, S209R",,,,"E114A, I251V, G283E, M288R","T21A, T105A, V205L, G391P",,,G148A,Q267R,"V660I, S845A, I982V, K1031R, S1040T","R76Q, H310R, S330A, P383S",,"S25G, L353Q",,"A4T, V15I, G68S, Y345H",,D533E,"Q641L, aa616InsP",X449ext,"C40R, L88P, S112N, D119E, I237V, V243A, P244L",,"F7S, V265A, D279A","T16A, Q25R","V77A, I106V"
CAT01-027,16,S,4,S,≤4,S,2,S,≤1,S,4,S,≤0.5,S,≤0.5,S,1,S,0.25,S,≤2,S,≤0.25,S,1,S,,,,,,,D75G,S250N,,MTB-1,,Q263H,"R356L, H398R","L153R, S170N","I536V, T543A, G589A, Q840E, N1036T, Q1039R","K329Q, L331V, G344D, W358R",,,A104P,"D249N, nt769∆1","F172I, nt234∆8",S8F,,"A4T, S13P",,,,"G71E, S209R",,,,"E114A, I251V, G283E, M288R","T21A, T105A, V205L, G391P",,,G148A,Q267R,"V660I, S845A, I982V, K1031R, S1040T","R76Q, H310R, S330A, P383S",,"S25G, L353Q",,"A4T, V15I, G68S, Y345H",,D533E,"Q641L, aa616InsP",X449ext,"C40R, L88P, S112N, D119E, I237V, V243A, P244L",,"F7S, V265A, D279A","T16A, Q25R","V77A, I106V"
CAT02-005,≤8,S,≤2,S,≤4,S,2,S,2,S,2,S,≤0.5,S,1,S,1,S,≤0.12,S,≤2,S,≤0.25,S,1,S,,,,,nt1345∆8,,A219T,,,LESB58,,,H398R,,"T543A, R722S, R786H, V980I","K329Q, L331V, W358R",,,"R82K, A104P","R108C, D249N","M7V, P60S, F172I, nt234∆8",,,"S13P, T37A",,,,"G71E, A186T",,,M297V,,"T105A, S173R",,,"Q44H, P126Q, G148A, D183Y",M69V,"Q149H, E257Q, S845A","H310R, S330A, P383S",,L353Q,L71R,Y345H,D754N,"H50Y, I57V",,,"L88P, D161G, H182Q, V243A",,"F7S, A82S",,"A27V, I106V, S224G"
CAT02-025,32,R,4,S,≤4,S,2,S,2,S,2,S,≤0.5,S,≤0.5,S,2,S,≤0.12,S,≤2,S,≤0.25,S,1,S,,,,,,,,,,UCBPP-PA14,,,H398R,"L153R, S170N",Q282R,"L22M, D135Y, K329Q, L331V, W358R",,,A104P,D249N,"P60S, F172I, nt234∆8",,,,,T847A,,"G71E, S209R, P210L",,,,,T105A,,,G148A,"D68G, M69V, A372V","E257Q, S845A",,,S25G,L71R,Y345H,"V419L, V646L",,aa616InsP,X449ext,"L88P, D161G, H182Q, V243A",,"F7S, P92S","D109E, R167H",I106V
CAT03-010,16,S,≤2,S,≤4,S,4,S,2,S,2,S,1,S,≤0.5,S,1,S,0.25,S,≤2,S,0.5,S,1,S,,,,,,,,,,PAO1,,,H398R,,,,,,DELETED,D249N,"F172I, nt234∆8",,,,,,,,,,,,,,,,,,,,,,,,,,,,,,,
CAT03-021,32,R,4,S,≤4,S,2,S,2,S,1,S,≤0.5,S,1,S,2,S,≤0.12,S,≤2,S,≤0.25,S,1,S,,,,,,,R66C,S250N,,LESB58,,,"H398R, nt1086∆1",,T543A,"H119Y, K329Q, W358R",,,A104P,D249N,"F172I, nt234∆8",,,,,,,G71E,,,"M297V, V358I",,"T105A, L176R",,,A134V,"M69V, Q267R","E257Q, S845A",S330A,,,L71R,Y345H,,V200M,aa616InsP,,"L88P, D161G, H182Q, V243A",,"F7S, G229D, V265A","T16A, V148A",I106V
CAT04-014,≤8,S,≤2,S,≤4,S,≤1,S,2,S,≤0.5,S,≤0.5,S,≤0.5,S,1,S,≤0.12,S,4,S,0.5,S,1,S,,,V126E,,,,,A287S,,MTB-1,,"I40V, Y85F",H398R,"L153R, S170N","I536V, T543A, G589A, N1036T","A30T, K329Q, L331V, W358R",,,A104P,D249N,"F172I, nt234∆8",S8F,,A38T,,,,"G71E, D79E, S209R, G213D",,,,"E114A, S179T, G283E, M288R","G27D, T105A, Q155R, V205L, G391A",,,,Q267R,"E257Q, S845A, I982V","H310R, S330A, E347K, P383S",,"S25G, L353Q",L71R,"A4T, V15I, G68S, Y345H",,D533E,,,"C40R, L88P, S112N, D119E, I237V, V243A",,"F7S, V265A, D279A","T16A, Q25R","I106V, S266R"
CAT04-017,32,R,4,S,≤4,S,2,S,2,S,1,S,≤0.5,S,≤0.5,S,2,S,≤0.12,S,4,S,0.5,S,2,S,,,,,,,A219T,S250N,,LESB58,,,H398R,,T543A,"K329Q, W358R",,,A104P,D249N,"F172I, nt234∆8",,,,,D652Y,,"G71E, S209R",,,M297V,,T105A,,,D183Y,M69V,"E257Q, S845A",S330A,,"S25G, L353Q",L71R,Y345H,,,,,"L88P, D161G, H182Q, V243A",,"F7S, T232I, V265A, D279A","R49C, D109E",I106V
CAT05-011,16,S,≤2,S,≤4,S,2,S,≤1,S,≤0.5,S,≤0.5,S,≤0.5,S,1,S,≤0.12,S,≤2,S,≤0.25,S,1,S,,,,D373E,,V72L,,S250N,,MTB-1,,,H398R,,"I536V, T543A, G589A, Q840E","K329Q, L331V, W358R, L389Q",,,A104P,D249N,"F172I, nt234∆8",,,,A394P,,,"G71E, A186T",,,M297V,"G283E, M288R","T105A, G229S",,G8S,"G148A, D183Y",M69V,E257Q,,,"S25G, L353Q",L71R,"Y345H, G441D","E225D, H262Q",,,A439T,"L88P, D161G, H182Q, V243A",,F7S,,"T68S, I106V, H236Q"
CAT05-028,32,R,4,S,≤4,S,2,S,2,S,2,S,≤0.5,S,≤0.5,S,2,S,≤0.12,S,≤2,S,0.5,S,2,S,,,,,,,,S250N,,LESB58,,,H398R,,T543A,"Q4H, K329Q, L331V, W358R",,,,"G212D, D249N","P60S, F172I, nt234∆8","S8F, D353E, D370E, Q372L","D230A, G501S",,,,,"G71E, A145V, S209R",,,M297V,,T105A,I186V,D515N,,,"S845A, K1031R",S330A,,,L71R,"Y345H, V451L",,D533E,aa616InsP,X449ext,"C40R, L88P, S112N, D119E, D159A, L196P, I237V, V243A, R322S",,"F7S, A141V, T232I, V265A, D279A",,I106V
CAT06-010,32,R,4,S,≤4,S,≤1,S,2,S,1,S,≤0.5,S,≤0.5,S,1,S,≤0.12,S,≤2,S,≤0.25,S,1,S,,,,,,,A219T,S250N,,LESB58,,,H398R,,T543A,"K329Q, L331V, W358R",,,A104P,D249N,"P60S, F172I, nt234∆8",,,,,,,"G71E, S209R",V29I,,X452ext,,"T105A, L176R",,,"A136V, G148A","D68G, M69V","E257Q, S845A",,,S25G,,Y345H,,D533E,"P388S, aa616InsP",P444S,"C40R, L88P, D161G, H182Q, V243A",,F7S,,"I106V, D302N"
CAT06-011,16,S,≤2,S,≤4,S,2,S,2,S,1,S,1,S,≤0.5,S,1,S,≤0.12,S,≤2,S,≤0.25,S,2,S,,,,,,,A219T,S250N,,PAO1,,,H398R,,"T543A, Q840E","K329Q, L331V, W358R",,,A104P,"A75V, D249N","P60S, F172I, nt234∆8",,,,,,,,,,"M297V, A303V",,,,,"R11L, G148A, D183Y","D68G, M69V",S845A,"R76Q, H310R, S330A, P383S",,S96N,L71R,,,,aa616InsP,A121T,"L88P, G157D, D161G, H182Q, V243A",,"F7S, T232I","R49C, D109E, R167H",I106V
CAT07-004,≤8,S,≤2,S,≤4,S,≤1,S,≤1,S,1,S,≤0.5,S,≤0.5,S,≤0.5,S,≤0.12,S,≤2,S,≤0.25,S,1,S,,,V132A,,,nt426∆1,A219T,,,LESB58,,,H398R,,T543A,"K329Q, L331V, W358R",L128M,,A104T,D249N,"M7V, F172I, nt234∆8",,A598E,,A394P,,,"G71E, S209R",,,,,"R79Q, T105A, P274L",,,,"D68G, M69V",I960L,,,"S25G, L353Q",L71R,Y345H,,,,,,,"F7S, A50T, T232I","D109E, R167H","I106V, S224G, D302N"
CAT07-011,32,R,4,S,≤4,S,2,S,2,S,1,S,≤0.5,S,≤0.5,S,2,S,≤0.12,S,≤2,S,≤0.25,S,1,S,,,"A103G, V126E",,,,T40I,,,LESB58,,,"H398R, Y407H",A129T,"T543A, Q840E, G1035D, N1036T, Q1039R","L12P, A30T, K329Q, L331V, W358R","L138R, L196I",,"R82K, A86T, A104P","K17T, A175V, E181D, D249N, S289T","S19W, E26G, R45X, nt234∆8",S403T,Q788R,"S13P, T275S",A394P,,,"G71E, Q182K, L206V, S209R",,,"V124I, M297L, S306R, D351G","E114A, H209Y, G283E","R5G, T21A, P23S, A36T, T105A, Q117L, A170T, G194D, L200I, V205L, R273K, V356I, G391A",,,"A85G, G148A","F6L, A30V, G120S, V146I, A163T, G184S, L250F, S264N, D351A","V364L, V523A, I610V, S845A, A1039V","R76Q, D226E, D298A, Q300R, H310R, S313G, S330A, A384V",,"S25G, L353Q","D61E, L71R","A4T, Y345H, P369A, A462T",S331T,D533E,"H628N, V643I, aa616InsP",,"C40R, L88P, H182Q, V243A, E307D, I346V",,"F7S, V265A","K112E, G139S, I244T","S22L, I106V"
CAT08-018,32,R,4,S,≤4,S,2,S,2,S,2,S,≤0.5,S,1,S,2,S,≤0.12,S,≤2,S,≤0.25,S,2,S,,,"V126E, V132A",,,,A219T,,,UCBPP-PA14,,,H398R,"L153R, S170N",,"K329Q, L331V, W358R",,,"A104T, I447V",D249N,"F172I, nt234∆8","S8F, S22G",,"S13P, S77N",,,,"G71E, S209R",V50I,,M297V,,"T105A, L176R",,,G148A,M69V,"E257Q, S845A",,,S25G,L71R,Y345H,"V419L, V646L",,aa616InsP,,"L88P, D161G, H182Q, V243A",,"F7S, A280T","D109E, R167H","T68S, I106V"
CAT08-032,≤8,S,4,S,≤4,S,2,S,2,S,1,S,≤0.5,S,≤0.5,S,2,S,≤0.12,S,≤2,S,≤0.25,S,1,S,,,"A103G, V126E",,N248K,,Y207X,S250N,V127L,LESB58,,,"A115E, A293V, V304I, E343D, H398R, Y407H",T135A: L153R,"E505G, T543A, Q840E, G1035D, N1036T, Q1039R","L12P, A30T, R151H, K329Q, L331V, W358R","L138R, N186S, L196I",,A104P,"K17T, D249N","E26G, P60S, F172I, nt234∆8",,,"S13P, T34S",A394P,,,"G71E, Q182K",,V29I,M297L,"G231S, G283E","R5G, T21A, P23S, T105A, Q117E, L133I, A170T, L200I, V205L, R273K, V356I, G391A",S695T,,"A85G, G148A, E170G","A30V, G120S, V146I, A163T, S176G, G184S, L250F, S264N, D351A","V523A, I610V, A748V, K863Q, A1039T","R76Q, D226E, D298A, Q300R, H310R, S313G, S330A","H109Y, I149L","S25G, L353Q, D502N",L71R,"A4T, Y345H, P369A, A462T",S331T,D533E,"H628N, V643I, aa616InsP",,"C40R, L88P, H182Q, V243A, E307D, I346V",,"S4Y, F7S, V265A","K112E, I244T","S3N, A11V, V77T, I106V, S224A, E265Q, Q297L, V351L"
CAT09-012,32,R,4,S,≤4,S,2,S,2,S,1,S,≤0.5,S,1,S,2,S,≤0.12,S,≤2,S,2,S,1,S,,,,,,,A51T,,,FRD1,,,H398R,"L153R, S170N","Q282R, A501T, T543A, L984F","K329Q, L331V, W358R",,,A104P,D249N,"F172I, nt234∆8","S8F, S22G",,S13P,,,,"G71E, S209R",,,R322Q,,"R79Q, T105A, P274T",,,G148A,"M69V, Q267R","E257Q, S845A, A958S","H310R, S330A",,S25G,L71R,Y345H,,"D142N, D533E",aa616InsP,X449ext,"L88P, D161G, H182Q, V243A",,"F7S, R236H, V265A, D279A","D109E, R167H","I106V, S325T"
CLE01-002,16,S,4,S,≤4,S,2,S,2,S,≤0.5,S,≤0.5,S,≤0.5,S,1,S,≤0.12,S,≤2,S,≤0.25,S,1,S,,,V126E,,N312S,,K63E,S250N,,UCBPP-PA14,,,H398R,"L153R, S170N","T543A, N1036T, Q1039R","A36T, K329Q, L331V, W358R",,,"A103V, A104P",D249N,"F172I, nt234∆8",S8F,,S13P,,aa914InsPK,,"G71E, A145V, S209R",,,,"G283E, M288R","G27D, T105A, V205L, V356I, G391A",,,,"D68G, M69V, L81I, A152T, Q267R","E257Q, E314D, G686R, S845A, K1031R","R76Q, T175A, H310R, S313G, S330A, P383S",,"S25G, L353Q",,"S2P, A4T, V15I, G68S, Y345H, G439D",,D533E,I418V,X449ext,"C40R, L88P, S112N, D119E, D159A, L196P, I237V, V243A, R322S",,"F7S, Q164L, V265A","T16A, R83K, K112E","V77A, I106V"
CLE02-015,32,R,4,S,≤4,S,2,S,2,S,2,S,1,S,≤0.5,S,2,S,≤0.12,S,≤2,S,≤0.25,S,1,S,,,V126E,,I186V,,,,,UCBPP-PA14,,Y85F,H398R,"L153R, S170N","V24A, T543A, Q840E, N1036T, Q1039R","A30T, K329Q, L331V, W358R","D83E, L138R",,"A86D, A104P",D249N,"P60S, F172I, nt234∆8","S8F, D353E, D370E","D230A, A258T","S13P, A410S",,,,"G71E, A145V, S209R",,,M297L,A175T,"T21A, T105A, V205L, V356I, G391A",I186V,A139S,,"D68G, M69V, R263W","T87S, A155T, E257Q, V660I, K804R, S845A, I982V, K1031R, S1040T","P47S, R76G, H310R, S330A, A378T","R21H, D56G, L88F","S25G, L353Q",L71R,"A4T, G68S, A119T, Y345H",,D533E,aa616InsP,K437T,"C40R, L88P, S112N, D119E, H182Q, L196P, I237V, V243A",,"F7S, V265A, D279A","T16A, R83K, K112E, V148A","I106V, S224T"
CLE02-027,16,S,4,S,≤4,S,2,S,2,S,1,S,≤0.5,S,≤0.5,S,1,S,≤0.12,S,≤2,S,≤0.25,S,2,S,,,"A103G, V126E, V132M",,"E429D, H525N",,,S250N,,F23197,,,"A115E, V304I, E343D, H398R, Y407H","T135A, L153R","T543A, Q840E, T1034S, G1035D, N1036T","L12P, A30T, K329Q, L331V, W358R",L138R,,A104P,"K17T, A175V, E181D","E26G, F172I, nt234∆8",S403T,Q788R,"S13P, T34S",A394P,aa911∆2,A19T,"G71E, Q182K, L206V, S209R",,,M297L,"E114A, G283E","P23S, A36T, T105A, Q117E, A170T, L200I, V205L, R273K, V356I, G391A",,,"A85G, G148A, E170G","A30V, G120S, V146I, A163T, S176G, G184S, L250F, S264N, D351A","V364L, V523A, A748V, S845A, K863Q, A1039T","S157T, D226E, D298A, Q300R, H310R, S313G, S330A",,"S25G, L353Q",L71R,"A4T, Y345H, P369A, A462T",S331T,D533E,"H628N, V643I",,"C40R, H182Q, V243A",,"F7S, V265A","K112E, G139S, N225Y, I244T","V77A, I106V, E265Q, Q297L, V351L"
CLE02-043,32,R,4,S,≤4,S,2,S,2,S,1,S,≤0.5,S,≤0.5,S,2,S,≤0.12,S,≤2,S,≤0.25,S,1,S,,,,,,,,,,LESB58,,,H398R,"L153R, S170N",Q843P,"A27T, K329Q, L331V, W358R",,,"A104P, I547T",D249N,"F172I, nt234∆8",T285I,,,A394P,,,"G71E, S209R",,,"M297V, A303V","G283E, M288R","R79Q, T105A, S254N",,T91A,"G148A, D183Y","D68G, M69V","E257Q, S845A",S330A,R82L,"P16L, L353Q",L71R,Y345H,,,aa616InsP,,"L88P, S112N, D119E, D161G, H182Q, V243A, A352V",,F7S,"R49C, D109E, R167H",I106V
CLE03-014,16,S,≤2,S,≤4,S,2,S,2,S,1,S,≤0.5,S,≤0.5,S,1,S,≤0.12,S,4,S,0.5,S,1,S,,,,,,,D235G,S250N,,LESB58,,,H398R,,T543A,"K329Q, W358R",G195S,,A104P,D249N,"P60S, F172I, nt234∆8",,,,A394P,D652Y,,"G71E, S209R",,,"M297V, A303V",,T105A,,,"G148A, S175L",M69V,"T304A, S845A","S330A, Q381L",,V433I,L71R,Y345H,,,,,"G51C, L88P, D161G, H182Q, V243A, A245V",,"F7S, T232I, V265A, D279A","R49C, D109E",I106V
CLE03-016,16,S,4,S,≤4,S,2,S,2,S,1,S,1,S,≤0.5,S,2,S,≤0.12,S,4,S,0.5,S,1,S,,,,,,,,,,PAO1,,,H398R,,,,,,,D249N,"F172I, nt234∆8",,,,,,,,,,,,,,,,,,,,,,,,,,,,,,,
CLE03-019,32,R,4,S,≤4,S,2,S,2,S,1,S,≤0.5,S,≤0.5,S,1,S,≤0.12,S,4,S,0.5,S,1,S,,,V126E,,,,,,,MTB-1,,Y85F,"R243H, H398R","L153R, S170N","T543A, N1036T, Q1039R","K329Q, L331V, W358R",,,"A104P, A258T","V73A, D249N","F172I, nt234∆8",,,"A4T, S13P",,,,"G71E, A145V, S209R",,,"H98Y, M297V","G283E, M288R","T21A, T105A, V205L, D263V, G391A",,,G148A,"T376S, K413M","E257Q, S845A, I982V, K1031R, S1040T","R76G, T175A, H310R, S330A, P383S",,"S25G, L353Q, P543S",,"A4T, V15I, G68S, Y345H",,D533E,"V598M, aa616InsP",X449ext,"C40R, L88P, S112N, D119E, I237V, V243A, S348T",,"F7S, V265A, D279A","T16A, Q25R",I106V
CLM01-008,32,R,4,S,≤4,S,2,S,2,S,1,S,≤0.5,S,≤0.5,S,2,S,≤0.12,S,≤2,S,≤0.25,S,2,S,,,,,,,A219T,,,FRD1,,,H398R,,"Q843P, P1032S","K329Q, L331V, W358R",,,A104P,D249N,"P60S, F172I, nt234∆8",,,,,,,G71E,,,M297V,,T105A,,,G148A,M69V,"E257Q, S845A",S330A,,"S25G, L353Q",L71R,Y345H,,,,,"L88P, D161G, H182Q, V243A, R322H",,"F7S, A50T, T232I","F6L, D109E, R167H","T68S, I106V"
CLM01-022,16,S,≤2,S,≤4,S,≤1,S,≤1,S,1,S,≤0.5,S,≤0.5,S,1,S,≤0.12,S,4,S,0.5,S,1,S,,H148N,,,,T477S,,S250N,,LESB58,,,"A82T, H398R",,"T543A, Q840E","K329Q, L331V, D346H, W358R",,,A104P,DELETED,DELETED,DELETED,DELETED,DELETED,"A358V, A394P",,,"G71E, S209R",,,M297V,,"T21A, T105A, G391A",,,"R11L, G148A, D183Y","D68G, M69V","E257Q, A536S, S845A",,,S25G,L71R,Y345H,,,,,"L88P, D119E",,F7S,"R49C, D109E",I106V
CLM01-039,16,S,≤2,S,≤4,S,≤1,S,≤1,S,≤0.5,S,≤0.5,S,≤0.5,S,1,S,≤0.12,S,4,S,0.5,S,1,S,,,,,,,A219T,S250N,,LESB58,,,"V146A, H398R",,"E152D, T543A, T742I","K329Q, R351S, W358R",,,"A104P, M336I",D249N,"F172I, nt234∆8",,,,,,,G71E,,,"A286V, M297V, A303V",,T105A,,,"G148A, D183Y",M69V,"S845A, A959S",S330A,,"S25G, L353Q, K607R",L71R,Y345H,,,,,"L88P, D161G, H182Q, V243A",,F7S,"R49C, D109E, R167H","T68S, I106V"
CLM02-018,≤8,S,≤2,S,≤4,S,≤1,S,≤1,S,≤0.5,S,≤0.5,S,≤0.5,S,≤0.5,S,≤0.12,S,4,S,0.5,S,≤0.5,S,,,V126E,,aa36∆5,D448N,,S250N,,MTB-1,,,H398R,"L153R, S170N","I536V, T543A, G589A, Q840E, N1036T, Q1039R","K329Q, L331V, W358R",nt350∆19,,A104P,"V73A, D249N","P60S, F172I, nt234∆8",,,"A4T, S13P",,,,"A145V, S209R",,,M297V,"E114A, I251V, G283E, M288R","G27D, T105A, V205L, V356I, G391A",,,,,"S845A, K1031R",S330A,,"S25G, E265K, L353Q",L71R,Y345H,,D533E,"E161Q, I418V",X449ext,"C40R, L88P, S112N, D119E, D207N, I237V, V243A",V89D,"F7S, V265A, D279A","T16A, Q25R",I106V
CLM02-020,16,S,≤2,S,≤4,S,2,S,≤1,S,1,S,≤0.5,S,≤0.5,S,2,S,≤0.12,S,4,S,≤0.25,S,2,S,,,,,,,,,,LESB58,,,H398R,,"Q282R, T543A, V980I","K329Q, L331V, W358R",,,,D249N,"M7V, P60S, F172I, nt234∆8",,,,A394P,,D187H,G71E,,,,,T105A,,,"G148A, S175L",,"E257Q, S845A","R76Q, H310R, S330A, P383S",,L353Q,L71R,Y345H,,D142N,,,"L88P, D161G, H182Q, V243A",,,,"S22L, T68I, I106V"
CLM02-036,16,S,4,S,≤4,S,2,S,2,S,≤0.5,S,≤0.5,S,1,S,1,S,≤0.12,S,≤2,S,≤0.25,S,1,S,,,,,,,A219T,,,LESB58,,S157T,H398R,,"T543A, N1036T, Q1039R","K329Q, L331V, W358R",,,A104P,D249N,"F172I, nt234∆8",,,A140T,,,,"∆239nt, nt444∆1",,,,,"R79Q, T105A, G129S",,,"G148A, D183Y",M69V,"T304A, S845A, aa1027InsLLS",S330A,,,L71R,Y345H,,,aa616InsP,C432S,"L88P, D161G, H182Q, V243A",,"F7S, V265A, D279A","R49C, D109E, R167H",I106V
CVA01-024,16,S,≤2,S,≤4,S,≤1,S,≤1,S,1,S,≤0.5,S,≤0.5,S,1,S,≤0.12,S,≤2,S,≤0.25,S,1,S,,,V126E,,,,"D197E, A219T",,,UCBPP-PA14,,A391V,"D294A, S386N, H398R","L153R, S170N","V240A, I536V, T543A, G589A, Q840E, N1036T, Q1039R","A30T, S320A, K329Q, L331V, W358R","L138R, R200S",,"A104P, V466I",D249N,"P60S, F172I, nt234∆8","S8F, D353E, D370E","D230A, D666E","S13P, A410S",,"S912A, aa911∆2",,"G71E, A145V, S209R",A363G,,M297V,"M241I, G283E, M288R","T105A, V205L, V356I, G391A",I186V,S455F,"Q44K, G148A",T376S,"T87S, A155T, G199D, E257Q, V660I, S845A, I982V, K1031R, S1040T","R76Q, H310R, S330A, A378T, A384V","R21H, D56G","S25G, L353Q",L71R,"G68S, A119T, Y345H",,D533E,"D625A, H628N, G634S",X449ext,"C40R, L88P, S112N, D119E, D159A, H182Q, V243A",,"F7S, T119I, V265A, D279A","T16A, R83K, K112E, V148A","V77A, I106V, S224G"
CVA01-050,32,R,≤2,S,≤4,S,2,S,2,S,1,S,≤0.5,S,≤0.5,S,2,S,≤0.12,S,≤2,S,≤0.25,S,1,S,,,,,I745V,,A219T,S250N,,FRD1,,,H398R,,T543A,Q396X,,,,D249N,"P60S, F172I, nt234∆8",,,S13P,A394P,,,"G71E, S209R",,,M297V,,"T105A, L176R",,,G148A,"D68G, M69V",S845A,"E26A, H310R, S330A",,"S25G, L353Q",L71R,"Y345H, P369S",,,"R378H, aa616InsP",,"L88P, D161G, H182Q, V243A",,F7S,"R49C, D109E","I106V, S138A"
CVA01-052,16,S,≤2,S,≤4,S,2,S,4,S,≤0.5,S,≤0.5,S,≤0.5,S,1,S,0.25,S,4,S,0.5,S,1,S,,,V126E,V286I,I186V,,,,,FRD1,,,H398R,"L153R, S170N","I536V, T543A, G589A, Q840E, N1036T, Q1039R","A30T, K329Q, L331V, W358R","S44F, L138R, R200S",,"A86D, A104P",D249N,"P60S, F172I, nt234∆8","S8F, D353E, D370E","D230A, D666E","S13P, A277V, A410S",,aa911∆2,,"G71E, A145V, S209R",,,,A51T,"F19L, R79Q, T105A, V205L, G391A",I186V,A139S,G148A,"M69V, T376S","T87S, A155T, E257Q, V434A, S845A, I982V, K1031R, S1040T","A49V, R76Q, H310R, S330A, A378T, A384V","R21H, D56G","S25G, L353Q",L71R,"A4T, G68S, T343N, Y345H",,D533E,"T412I, V613I, D625A, H628N",,"C40R, L88P, S112N, D119E, D159A, I237V, V243A",,"F7S, V265A, D279A",T16A,"V77A, I106V"
CVA02-027,32,R,4,S,≤4,S,2,S,2,S,1,S,≤0.5,S,≤0.5,S,2,S,≤0.12,S,≤2,S,0.5,S,1,S,,,V126E,,,,A208V,S250N,,UCBPP-PA14,,,H398R,"L153R, S170N","I536V, T543A, G589A, Q840E, N1036T","A30T, K329Q, L331V, W358R",,,A104P,D249N,"P60S, F172I, nt234∆8",S8F,,S13P,,,,"G71E, A145V, S209R",,,M297V,"E114A, G283E, M288R","G27D, T105A, V205L, G391A",,,,"M69V, T376S","E257Q, S845A","H310R, S330A, A378T, A384V",,"S25G, L353Q",L71R,Y345H,A587T,D533E,"I418V, aa616InsP",X449ext,"C40R, L88P, S112N, D119E, I237V, N238S, V243A, A352V",,"F7S, V265A, D279A","T16A, Q25R, R83K","V77A, I106V"
CVA03-012,≤8,S,≤2,S,≤4,S,≤1,S,4,S,2,S,≤0.5,S,≤0.5,S,≤0.5,S,≤0.12,S,4,S,0.5,S,1,S,,,V126E,A111T,"G957D, aa287∆4",,,A287S,,UCBPP-PA14,,,H398R,"L153R, S170N","I536V, T543A, G589A, Q840E, N1036T","A30T, K329Q, L331V, W358R","G89S, nt9InsC",,A104P,"V73A, D249N","F172I, nt234∆8",,,S13P,,,,"G71E, D79E, S209R",,,,"G283E, M288R","G27D, T105A, V205L, V356I, G391A",,,,,"T87S, S845A","E251Q, A262E, A277T, H310R, S330A, A378T, A384V",,"S25G, L353Q",,"A4T, V15I, G68S, Y345H",P752T,D533E,"D73N, aa616InsP",,"C40R, L88P, S112N, D119E, D159A, I237V, V243A",V40I,"F7S, V265A, D279A","T16A, Q25R","V77A, I106V, V112I"
CVA03-023,16,S,4,S,≤4,S,2,S,2,S,≤0.5,S,≤0.5,S,1,S,2,S,≤0.12,S,≤2,S,≤0.25,S,1,S,,,"A103G, V126E",,N248K,,,S250N,V127L,LESB58,,,"A115E, A293V, V304I, E343D, H398R, Y407H","T135A, L153R","E505G, T543A, Q840E, G1035D, N1036T, Q1039R","L12P, A30T, R151H, K329Q, L331V, W358R","L138R, N186S, L196I",,A104P,"K17T, D249N","E26G, P60S, F172I, nt234∆8",,,"S13P, T34S",A394P,,,"G71E, Q182K",,V29I,M297L,"G231S, G283E","R5G, T21A, P23S, T105A, Q117E, L133I, A170T, L200I, V205L, R273K, V356I, G391A",S695T,,"A85G, G148A, E170G","A30V, G120S, V146I, A163T, S176G, G184S, L250F, S264N, D351A","V364L, V523A, I610V, E650Q, A748V, S845A, K863Q, A1039V","R76Q, D226E, D298A, Q300R, H310R, S313G, S330A","H109Y, I149L","S25G, L353Q, D502N",L71R,"A4T, Y345H, P369A, A462T",S331T,D533E,"H628N, V643I, aa616InsP",,"C40R, L88P, H182Q, V243A, E307D, I346V",,"S4Y, F7S, V265A","K112E, I244T","S3N, A11V, V77T, I106V, S224A, E265Q, Q297L, V351L"
EXT01-017,32,R,4,S,≤4,S,2,S,2,S,1,S,≤0.5,S,≤0.5,S,1,S,≤0.12,S,≤2,S,≤0.25,S,1,S,,,V126E,,,,,,,MTB-1,,Y85F,E90X,"L153R, S170N","I536V, T543A","A30T, K329Q, L331V, W358R",,,A104P,D249N,"P60S, F172I, nt234∆8",S8F,D666E,S13P,,G889R,,"G71E, E153Q, S209R",,,,"E114A, G283E, M288R","T105A, V205L, V356I, G391A",,,"G148A, D183Y",,"A647V, S845A","A31V, R76Q, H310R, S330A, P383S",,"S25G, L353Q",,"A4T, V6A, V15I, G68S, Y345H",,D533E,"I418V, aa616InsP",,"C40R, L88P, S112N, D119E, I237V, V243A",,"F7S, G229D, V265A","T16A, R83K","I106V, S224T"
GAL01-008,16,S,≤2,S,≤4,S,≤1,S,≤1,S,1,S,1,S,≤0.5,S,1,S,≤0.12,S,≤2,S,≤0.25,S,2,S,,,,,,,A219T,S250N,,PAO1,,,H398R,,"Y181D, Q282R, T543A","K329Q, L331V, W358R",,,A104P,"A75V, D249N","P60S, F172I, nt234∆8",,,,,,,,,,"M297V, A303V",,,,,"R11L, G148A, D183Y","D68G, M69V",S845A,"R76Q, H310R, S330A, P383S",,S96N,L71R,,,,aa616InsP,A121T,"L88P, G157D, D161G, H182Q, V243A",,"F7S, T232I","R49C, D109E, R167H",I106V
GAL01-017,16,S,≤2,S,≤4,S,≤1,S,2,S,1,S,1,S,≤0.5,S,1,S,≤0.12,S,≤2,S,≤0.25,S,1,S,,,,,,,A219T,S250N,"F77L, F89L, L96I, Q250K",PAO1,,,H398R,,"Y181D, Q282R, T543A","K329Q, L331V, W358R",,,A104P,"A75V, D249N","P60S, F172I, nt234∆8",,,,,,,,,,"M297V, A303V",,,,,"R11L, G148A, D183Y","D68G, M69V",S845A,"R76Q, H310R, S330A, P383S",,S96N,L71R,,,,aa616InsP,A121T,"L88P, G157D, D161G, H182Q, V243A",,"F7S, T232I","R49C, D109E, R167H",I106V
GAL02-037,16,S,4,S,≤4,S,2,S,2,S,1,S,1,S,≤0.5,S,1,S,≤0.12,S,≤2,S,0.5,S,1,S,,,V126E,,,,,S250N,,MTB-1,,,H398R,"L153R, S170N","T543A, Q840E","A30T, K329Q, L331V, W358R",,,A104P,D249N,"F172I, nt234∆8","S8F, A79G, A231T",A843T,"S13P, A410S",,,,"G71E, S209R",,,M297V,"E114A, S179T, G283E, M288R","P7S, T105A, V205L, G391A",,,E68D,A260V,"T87S, S845A","E251Q, A262E, A277T, H310R, S330A, A378T, A384V",,"S25G, S108N, L353Q",,"S2P, A4T, V15I, G68S, Y345H",P752T,D533E,aa616InsP,"P444T, X449ext","C40R, L88P, S112N, D119E, D207N, I237V, V243A, S314N",,"F7S, T232I, V265A, D279A, A281T","T16A, K112E","V77A, I106V, S224T"
GAL03-001,16,S,4,S,≤4,S,2,S,2,S,2,S,1,S,≤0.5,S,1,S,≤0.12,S,≤2,S,≤0.25,S,2,S,,,V126E,,,,A219T,S250N,,PAO1,,,H398R,,"T543A, Q840E","K329Q, L331V, W358R",,,A104P,"T236P, D249N","F172I, nt234∆8",S8F,,S13P,,,,S209R,,,"M297V, A303V",,,,N117S,,M69V,"R540G, S845A",S330A,,,L71R,Y345H,,,aa616InsP,,"L88P, D161G, H182Q, V243A, R320P",,"F7S, R236H, V265A, D279A","R49C, D109E, R167H",I106V
GAL04-008,≤8,S,≤2,S,≤4,S,≤1,S,≤1,S,1,S,≤0.5,S,≤0.5,S,1,S,≤0.12,S,4,S,0.5,S,1,S,,,V126E,,R817P,,A208V,S250N,,MTB-1,,,"V295I, V313I, H398R","L153R, S170N","I536V, T543A, G589A, Q840E","A30T, K329Q, L331M, W358R",,,A104P,∆803nt,"D59A, F172I, nt234∆8","S8F, D353E, D370E","D230A, D666E, V957I",S13P,,,,"G71E, A145V, S209R",,,,"G283E, M288R","P23S, T105A, V205L, G391A",I186V,,G148A,,"E314D, S845A","R76Q, T175A, H310R, S313G, S330A, P383S",,"S25G, L353Q",,"A4T, V15I, G68S, Y345H",S197L,D533E,"I418V, aa616InsP","L101M, X449ext","C40R, A58V, L88P, S112N, D119E, D161G, H182Q, V243A",,"F7S, G229D, V265A, D279A","T16A, R83K, K112E","V77A, I106V"
GAL04-038,16,S,4,S,≤4,S,2,S,2,S,2,S,2,S,1,S,1,S,≤0.12,S,≤2,S,≤0.25,S,1,S,,,,,,,,,,F23197,,,H398R,,"T543A, R1033L","K329Q, L331V, W358R",,,A104P,D249N,"P60S, F172I, nt234∆8",,,,,,,"G71E, S209R",,,D411A,,"R79Q, T105A, I365V",,,"G148A, D183Y","M69V, Q267R","E257Q, S845A",S330A,,,L71R,Y345H,,,"E53K, S631I, aa616InsP",Y205C,"L88P, D161G, H182Q, V243A",,"F7S, A50T, T232I",D109E,"I106V, S325T"
GAL05-011,32,R,4,S,≤4,S,2,S,2,S,1,S,≤0.5,S,≤0.5,S,2,S,≤0.12,S,≤2,S,0.5,S,1,S,,,V126E,,,,A219T,"G154R, S250N",,UCBPP-PA14,,"Y85F, Y377C",H398R,"L153R, S170N","A400T, A527V, I536V, T543A, G589A, Q840E","A30T, K329Q, L331V, W358R",L138R,,A104P,D249N,"F172I, nt234∆8",S8F,,S13P,,"G897D, aa911∆2",,"G71E, A145V, S209R",,,,"E114A, I251V, G283E, M288R","P7S, G27D, T105A, V205L, V356I, G391A",,,,,S845A,"R76Q, T175A, H310R, S330A, A378T, A384V",,"S25G, L353Q, F453Y",,"S2P, A4T, V6A, V15I, G68S, Y345H",,D533E,"I418V, P803S, aa616InsP",X449ext,"C40R, L88P, S112N, D119E, I237V, V243A",,"F7S, V265A, D279A","T16A, Q25R","V77A, I106V"
GAL05-033,32,R,4,S,≤4,S,2,S,2,S,1,S,1,S,≤0.5,S,2,S,≤0.12,S,≤2,S,≤0.25,S,1,S,,,,,,,D75G,S250N,,MTB-1,,Q263H,"R356L, H398R","L153R, S170N","I536V, T543A, G589A, Q840E, N1036T, Q1039R","K329Q, L331V, G344D, W358R",A35V,,A104P,D249N,"F172I, nt234∆8",S8F,,"A4T, S13P",,,,"G71E, S209R",,,,"E114A, I251V, G283E, M288R","T21A, T105A, V205L",,,G148A,Q267R,"A734V, S845A, I982V, K1031R, S1040T","R76Q, H310R, S330A, P383S",,"S25G, L353Q",,"A4T, V15I, G68S, Y345H",,D533E,"Q641L, aa616InsP",X449ext,"C40R, L88P, S112N, D119E, I237V, V243A",,"F7S, V265A, D279A","T16A, Q25R","V77A, I106V"
ICA01-038,32,R,4,S,≤4,S,2,S,2,S,≤0.5,S,≤0.5,S,≤0.5,S,2,S,≤0.12,S,4,S,0.5,S,1,S,,,V126E,,G957D,,A208V,A287S,,UCBPP-PA14,,Y85F,H398R,"L153R, S170N",T543A,"A30T, K329Q, L331V, W358R",,,"A104P, V466I",D249N,"P60S, F172I, nt234∆8","E2V, S8F, Q368R",,S13P,,,,"G71E, E153Q, S209R",,,,"G283E, M288R","G27D, A97V, T105A, V205L, G391A",,,G148A,"M69V, Q267R","S845A, I982V","A31V, R76Q, H310R, S330A, P383S",,"S25G, L353Q",L71R,"A4T, G68S, Y345H, G362S",,D533E,aa616InsP,,"L88P, D161G, H182Q, R204C, V243A",,"F7S, V265A, D279A","T16A, Q25R","I106V, S224T"
LRJ01-009,≤8,S,≤2,S,≤4,S,≤1,S,≤1,S,≤0.5,S,≤0.5,S,≤0.5,S,≤0.5,S,≤0.12,S,≤2,S,≤0.25,S,≤0.5,S,,,,Q69X,,,A219T,,,LESB58,,,H398R,,DELETED,DELETED,DELETED,DELETED,A104P,D249N,"F172I, nt234∆8",,,S13P,M85V,,,"G71E, S209R",,,M297V,,T105A,K496R,,"G148A, D183Y",,"E257Q, S845A",,,S25G,L71R,Y345H,,,"P388S, Q408X",,"L88P, D161G, H182Q, V243A",T258A,F7S,,I106V
LRJ01-020,32,R,4,S,≤4,S,2,S,2,S,1,S,≤0.5,S,≤0.5,S,2,S,≤0.12,S,≤2,S,≤0.25,S,2,S,,,,,,,A219T,S250N,,LESB58,,,H398R,,T543A,"K329Q, L331V, W358R",,,A104P,D249N,"P60S, F172I, nt234∆8",,,,,,,"G71E, S209R",V29I,,X452ext,,"T105A, L176R",,,"A136V, G148A","D68G, M69V","E257Q, S845A",,,S25G,,Y345H,,D533E,"P388S, aa616InsP",P444S,"C40R, L88P, D161G, H182Q, V243A",,F7S,,"I106V, D302N"
LRJ01-032,16,S,4,S,≤4,S,≤1,S,2,S,1,S,1,S,≤0.5,S,1,S,0.25,S,4,S,≤0.25,S,2,S,,,,,,,,,,PAO1,,,,,,,,,A104P,D249N,"F172I, nt234∆8",,,,,,,S209R,,,,,,,,,,,,,,L71R,"Y345H, T458I",,,,,,,"F7S, A50T",,
MAD01-003,16,S,≤2,S,≤4,S,≤1,S,≤1,S,2,S,≤0.5,S,≤0.5,S,1,S,≤0.12,S,≤2,S,≤0.25,S,1,S,,,,,,A261T,,S250N,,F23197,,,H398R,,"T543A, Q840E","K329Q, L331V, W358R",L174Q,,A104P,D249N,"F172I, nt234∆8","P397Q, A407V",,,A394P,,,"G71E, S209R",,,R322Q,,"R79Q, T105A",,,"G148A, S175L","D68G, M69V","E257Q, S845A",,,"S25G, A109T",L71R,Y345H,H262Q,,"E53K, S631I",A439T,"L88P, D161G, H182Q, V243A",,"F7S, A50T, T232I","D109E, R167H","I106V, P161L"
MAD01-018,16,S,4,S,≤4,S,2,S,2,S,≤0.5,S,≤0.5,S,1,S,2,S,≤0.12,S,4,S,0.5,S,1,S,,,,,L672Q,,,S250N,,LESB58,,,"R421C, H398R",,T543A,"K329Q, L331V, W358R",,,A104P,D249N,"P60S, F172I, nt234∆8",,A850E,"S13P, A410S",A394P,,,"G71E, A186T, S209R",,,,"M61L, L113Q",T105A,,,,"A48V, M69V","M118T, E257Q, S845A",S330A,,"S25G, L353Q",L71R,Y345H,"D62N, V646L",,,X449ext,"C40R, L88P, S112N, D119E, I237V, V242M, V243A, A352V",,"F7S, A82S, V265A, D279A",D109E,I106V
MAD02-022,32,R,4,S,≤4,S,2,S,2,S,1,S,≤0.5,S,1,S,2,S,≤0.12,S,4,S,0.5,S,1,S,,,V126E,D373N,,,,S250N,,UCBPP-PA14,,,H398R,,"N98S, T543A, R722S, Q840E, V1021L","K329Q, L331V",,,A104P,D249N,"M7V, F172I, nt234∆8",,L893V,T34P,A394P,,,G71E,,E107D,M297V,R244W,T105A,,T91A,"G148A, D183Y","D68G, M69V, Q267R, G278D, T376A","E257Q, A566V, S845A",S330A,,"S25G, L353Q",L71R,Y345H,Q359R,,"S539T, aa616InsP",,"L88P, D161G, H182Q, V243A",,F7S,"R49C, D109E, L170I",I106V
MAD02-027,≤8,S,4,S,≤4,S,2,S,2,S,2,S,≤0.5,S,≤0.5,S,2,S,≤0.12,S,≤2,S,0.5,S,2,S,"strA, strB",,,,,,A219T,,,LESB58,,,H398R,,Q840E,"A113T, K329Q, L331V, W358R",,K236T,A104P,D249N,"F172I, nt234∆8",,D648A,,,,N130S,G71E,,P503L,"M297V, A303V","G283E, M288R",T105A,,N117S,"G148A, D183Y",M69V,"E257Q, S845A",S330A,,"S25G, L353Q",L71R,"S2P, A4T, D70N, H340R, Y345H",,,,,"L88P, S112N, D119E, D161G, H182Q, V243A",,F7S,"R49C, D109E","I106V, S138A"
MAD03-008,32,R,4,S,≤4,S,2,S,2,S,2,S,1,S,1,S,2,S,≤0.12,S,≤2,S,≤0.25,S,2,S,,,,,,,,,,LESB58,,,H398R,,T543A,"K329Q, L331V, W358R",,,A104P,"L186F, D249N","P60S, F172I, nt234∆8, nt844∆1",,,,"N44K, A394P",,,G71E,,,,,T105A,,,,"D68G, M69V","E257Q, T659M, S845A",nt205∆2,nt295∆14,"S25G, L353Q",L71R,Y345H,V646L,,aa616InsP,,"L88P, D161G, H182Q, V243A",,"F7S, T232I, V265A, D279A","T16A, Q25R","V77A, I106V"
MAD03-022,16,S,≤2,S,≤4,S,≤1,S,≤1,S,1,S,≤0.5,S,≤0.5,S,≤0.5,S,≤0.12,S,≤2,S,≤0.25,S,1,S,,,,,,A261T,,S250N,,PAO1,,,H398R,,T543A,"A30T, K329Q, L331V, W358R",,,A104P,D249N,"P60S, F172I, nt234∆8",,,,,,G206S,G71E,,,R322Q,,T105A,,,,"M69V, T323S","E314D, S845A, A959S","H310R, S313G, S330A, A378T, P383S",,S25G,L71R,Y345H,,,,A439T,"L88P, D119E",,"F7S, D279A","D109E, R167H",I106V
MAD04-034,16,S,≤2,S,≤4,S,2,S,2,S,2,S,2,S,≤0.5,S,1,S,≤0.12,S,4,S,0.5,S,1,S,,,,,,A261T,,S250N,,F23197,R81C,,H398R,,T543A,"K329Q, L331V, W358R",L174Q,,A104P,D249N,"F172I, nt234∆8",,,,A394P,,,"G71E, S209R",,,R322Q,,"R79Q, T105A",,V373I,"G148A, S175L","M69V, Q267R","E257Q, S845A",S330A,,S25G,L71R,Y345H,H262Q,,"E53K, S631I, aa616InsP",A439T,"L88P, D161G, H182Q, V243A",,F7S,"R49C, D109E, L170I","I106V, P161L"
MAD05-006,16,S,4,S,≤4,S,2,S,2,S,2,S,1,S,≤0.5,S,2,S,≤0.12,S,≤2,S,≤0.25,S,2,S,,,,,,,"V19M, A219T",,,F23197,,,H398R,"L153R, S170N","Q282R, T543A, V980I","K329Q, L331V, W358R",K131R,,"A104P, I447V",D249N,"F172I, nt234∆8",P397Q,,,,,,"G71E, S209R",,,,,"R79Q, T105A",,,"G148A, D183Y",Q267R,"E257Q, S845A, K1031R","M34I, R76Q, H310R, S330A, E347K, P383S",,"S25G, L353Q",L71R,Y345H,,,E618D,,"L88P, S112N, D119E, D161G, H182Q, V243A",,"F7S, A50T",,"I106V, P161L"
MAD05-018,32,R,4,S,≤4,S,2,S,2,S,1,S,≤0.5,S,≤0.5,S,2,S,≤0.12,S,≤2,S,0.5,S,1,S,,,V126E,,,,A208V,S250N,,MTB-1,,,H398R,"L153R, S170N","I536V, T543A, G589A, Q840E, N1036T, Q1039R","A30T, K329Q, L331V, G344D, W358R",L138R,,"A102T, A104P",D249N,"P28L, P60S, F172I, nt234∆8",A231T,,L15V,,,,"G71E, S209R",,,M297V,"G283E, M288R","P23S, T105A",,,,,"T87S, A155T, E257Q, E314Q, V434A, S845A, K1031R","P47S, R76Q, A106T, H310R, S330A, A378T","R21H, D56G","S25G, L353Q",,"A4T, V6A, V15I, G68S, Y345H",,D533E,"I418V, N554D, aa616InsP",X449ext,"C40R, L88P, S112N, D119E, H182Q, G190A, L196P, I237V, V243A",Q110R,"F7S, V265A, D279A","T16A, Q25R","V77A, E89A, I106V, S224T"
MAD06-003,16,S,4,S,≤4 ,S,2,S,4,S,≤0.5,S,1,S,≤0.5,S,2,S,0.25,S,4,S,0.5,S,2,S,,,,,"I745V, V1014I",,A219T,S250N,nt88IS,LESB58,,,"R165H, H398R",,"T543A, Q840E","K329Q, L331V, W358R",,,,D249N,"F172I, nt234∆8",,,,,,,"G71E, A186T",T286S,,,,"R79Q, T105A",,T91A,G148A,"A14V, M69V, Q267R","E257Q, S845A",S330A,,"S25G, L353Q",L71R,Y345H,V646L,"H50Y, I57V",,X449ext,"L88P, D161G, H182Q, V243A",,"F7S, A191V, R212H, T232I, H264Q, V265A, D279A",T16A,"T68S, R97W, I106V"
MAD06-018,32,R,4,S,≤4,S,2,S,2,S,2,S,1,S,1,S,2,S,≤0.12,S,4,S,0.5,S,1,S,,,V126E,,,,A208V,S250N,,UCBPP-PA14,,,H398R,"L153R, S170N","I536V, T543A, G589A, Q840E, N1036T","A30T, K329Q, L331V, W358R",,,A104P,D249N,"P60S, F172I, nt234∆8",S8F,,S13P,,,,"G71E, A145V, S209R",,,M297V,"E114A, G283E, M288R","G27D, T105A, V205L, G391A",,,,"M69V, T376S","E257Q, S845A","H310R, S330A, A378T, A384V",,"S25G, L353Q",L71R,Y345H,A587T,D533E,"I418V, aa616InsP",X449ext,"C40R, L88P, S112N, D119E, I237V, N238S, V243A, A352V",,"F7S, V265A, D279A","T16A, Q25R, R83K","V77A, I106V"
MUR01-013,≤8,S,≤2,S,≤4,S,≤1,S,≤1,S,1,S,≤0.5,S,≤0.5,S,1,S,≤0.12,S,≤2,S,≤0.25,S,1,S,,,V126E,,I186V,,"R66G, A196V, D197E",S250N,,MTB-1,,A391V,H398R,"L153R, S170N","A501V, I536V, T543A, G589A, Q840E, G1035D, N1036T, Q1039R","A30T, K329Q, L331V, W358R",L138R,,"A86D, A104P",D249N,"P60S, F172I, nt234∆8","S8F, D353E, D370E",D230A,"S13P, A410S",,aa911∆2,,"G71E, A145V, S209R",,,M297V,,"F19L, T105A, A156V, V205L, V356I, G391A",I186V,T514S,R14H,T376S,"T87S, A155T, E257Q, V434A, V660I, S845A, I982V, K1031R, S1040T","P47S, R76Q, H310R, S330A, A378T, A384V","R21H, D56G","S25G, L353Q",L71R,"A4T, G68S, A119T, Y345H",,D533E,I418V,X449ext,"C40R, L88P, S112N, D119E, L196P, I237V, V243A",,"F7S, V139M, V265A, D279A ","T16A, R83K, K112E, E176A","V77A, I106V, L152I, K332R"
MUR01-023,32,R,8,S,≤4,S,2,S,2,S,1,S,≤0.5,S,≤0.5,S,2,S,≤0.12,S,≤2,S,≤0.25,S,1,S,,,,,"I745V, V1014I",,A219T,,,LESB58,,,H398R,,"F29S, T543A","K329Q, L331V, W358R",,,A104P,D249N,"F172I, nt234∆8",,,G16S,,,,"G71E, S209R",T286S,,R322Q,,"R79Q, T105A",,,G148A,"L66P, M69V","E257Q, S845A",S330A,A170T,"S25G, L353Q",L71R,Y345H,,"A473V, D533E",,V246I,"L88P, D161G, H182Q, V243A",,"F7S, A191V, R212H, T232I, V265A, D279A",T16A,"I106V, D302N"
NAV01-003,≤8,S,≤2,S,≤4,S,≤1,S,≤1,S,2,S,≤0.5,S,≤0.5,S,1,S,≤0.12,S,≤2,S,0.5,S,2,S,,,,,,,A219T,,,LESB58,,,H398R,,Q840E,"A113T, K329Q, L331V, W358R",,K236T,A104P,D249N,"F172I, nt234∆8",,D648A,,,,N130S,G71E,,,"M297V, A303V","G283E, M288R",T105A,,N117S,"G148A, D183Y",M69V,"E257Q, S845A",S330A,,"S25G, L353Q",L71R,"S2P, A4T, D70N, H340R, Y345H",,,,,"L88P, S112N, D119E, D161G, H182Q, V243A",,F7S,"R49C, D109E","I106V, S138A"
NAV01-030,32,R,8,S,≤4,S,2,S,2,S,1,S,≤0.5,S,≤0.5,S,2,S,≤0.12,S,4,S,0.5,S,1,S,,,V126E,,G957D,,,A287S,,UCBPP-PA14,,,H398R,"L153R, S170N","I536V, T543A, G589A, Q840E, N1036T","A30T, K329Q, L331V, W358R",G89S,,A104P,"V73A, D249N","F172I, nt234∆8",,,S13P,,,,"G71E, D79E, S209R",,,,"G283E, M288R","G27D, T105A, V205L, V356I, G391A",,,,,"T87S, S845A","E251Q, A262E, A277T, H310R, S330A, A378T, A384V",,"S25G, L353Q",,"A4T, V15I, G68S, Y345H",P752T,D533E,"D73N, aa616InsP",,"C40R, L88P, S112N, D119E, I237V, V243A",V40I,"F7S, V265A, D279A","T16A, Q25R","V77A, I106V, V112I"
PVA01-032,16,S,4,S,≤4,S,2,S,≤1,S,1,S,≤0.5,S,≤0.5,S,2,S,≤0.12,S,≤2,S,≤0.25,S,1,S,,,,,,,,,,LESB58,,,H398R,,"Q282R, T543A","K329Q, L331V, W358R",,,,D249N,"P60S, F172I, nt234∆8",,,,,,,"G71E, S209R",,,"M297V, A303V, D382N",,"T105A, L176R",,,,"M69V, R263Q, Q267R","E257Q, S845A",S330A,,"S25G, L353Q",L71R,Y345H,V646L,,,,"L88P, D161G, H182Q, V243A, R302C",,"F7S, T232I, V265A, D279A","R49C, D109E",I106V
PVA01-035,32,R,4,S,≤4,S,2,S,2,S,1,S,≤0.5,S,≤0.5,S,2,S,≤0.12,S,≤2,S,≤0.25,S,2,S,,,V126E,,G957D,,A208V,A287S,,UCBPP-PA14,,Y85F,H398R,"L153R, S170N",T543A,"A30T, K329Q, L331V, W358R",,,"A104P, V466I",D249N,"P60S, F172I, nt234∆8","E2V, S8F, Q368R",,S13P,,,,"G71E, E153Q, S209R",,,,"G283E, M288R","G27D, A97V, T105A, V205L, G391A",,,G148A,"M69V, Q267R","S845A, I982V","A31V, R76Q, H310R, S330A, P383S",,"S25G, L353Q",L71R,"A4T, G68S, Y345H, G362S",,D533E,aa616InsP,,"L88P, D161G, H182Q, R204C, V243A",,"F7S, V265A, D279A","T16A, Q25R","I106V, S224T"
PVA01-040,16,S,≤2,S,≤4,S,≤1,S,≤1,S,2,S,≤0.5,S,≤0.5,S,1,S,≤0.12,S,4,S,0.5,S,1,S,,,,,nt1726∆4,,,S250N,,LESB58,,P337L,H398R,,T543A,"A30T, K329Q, L331V, W358R",,,A104P,D249N,"F172I, A299T, nt234∆8",,,,,,,"G71E, S209R",V50I,,M297V,,,,L3V,,"M69V, Q267R","E257Q, S845A",S330A,,"S25G, L353Q",L71R,Y345H,E513D,,aa616InsP,"V198M, X449ext","L88P, D119E",,F7S,"D109E, R167H, G196S",I106V
