ISOLATE ID,TIC (mg/L),EUCASTv9.0.,AZT_MIC,AZT_eval,P/TZ (mg/L),EUCASTv9.0.,TAZ (mg/L),EUCASTv9.0.,TAZ GENOTYPIC SCORE VALUE,FEP_MIC,FEP_eval,IMI_MIC,IMI_eval,MER_MIC,MER_eval,MER GENOTYPIC SCORE VALUE,TOL/TZ (mg/L),EUCASTv9.0.,TOL/TZ GENOTYPIC SCORE VALUE,CZA (mg/L),EUCASTv9.0.,CIP_MIC,CIP_eval,CIP GENOTYPIC SCORE VALUE,AMI (mg/L),EUCASTv9.0.,TOB (mg/L),EUCASTv9.0.,TOB GENOTYPIC SCORE VALUE,COL (mg/L),EUCASTv9.0.,Acquired Beta-lactamases,Acquired EMAs,PA0004 gyrB ,PA0424 mexR,PA0425 mexA,PA0426 mexB,PA0427 oprM,PA0807  ampDh3,PA0958 oprD,PA1798  parS,PA1799 parR,PA2018mexY,PA2019mexX,PA2020 mexZ,PA2023 galU,PA2491 mexS,PA2492 mexT,PA2493 mexE,PA2494 mexF,PA2495 oprN,PA3047 dacB (PBP4),PA3168 gyrA,PA3574 nalD,PA3721 nalC,PA3999 dacC (PBP5),PA4003 pbpA (PBP2),PA4020 mpl,PA4109 ampR,PA4110 ampC,PA4266 fusA1,PA4418 ftsI   (PBP3),PA4522 ampD,PA4597 oprJ,PA4598 mexD,PA4599 mexC,PA4600 nfxB,PA4776 pmrA,PA4777 pmrB,PA4964 parC,PA4967 parE,PA5471 armZ,PA5485 ampDh2
AND01-011,16,S,4,S,≤4,S,2,S,0,2,S,2,S,≤0.5,S,0,≤0.5,S,0,2,S,≤0.12,S,0,4,S,0.5,S,0,1,S,,,,,,,,,,,,D428N,,,,,nt234∆8,,,,,,,,,,,,,,,,,,,,,,,,,
AND01-028,32,R,4,S,≤4,S,2,S,0,≤1,S,1,S,≤0.5,S,0,≤0.5,S,0,1,S,≤0.12,S,0,≤2,S,≤0.25,S,0,2,S,,,,,,,,,,,,,,,,,nt234∆8,,,,,,,,,,,,,,,,,,,,,,,,,
AND02-007,32,R,4,S,≤4,S,2,S,0.5,2,S,2,S,≤0.5,S,125,≤0.5,S,125,2,S,≤0.12,S,0,≤2,S,0.5,S,0.25,2,S,,,,,,,,,,,,I531T,,,,,nt234∆8,,E860G,,A35T,N200S,,,,,,,,,,,G322A,,,,,E269K,,,,
AND02-013,32,R,4,S,≤4,S,2,S,0,2,S,2,S,1,S,0,≤0.5,S,0,2,S,≤0.12,S,0,4,S,0.5,S,0,2,S,,,,,,,,,,,,,,,,,nt234∆8,,,,,,,,,,,,,,,,,,,,,,,,,
AND02-039,16,S,4,S,≤4,S,2,S,0,2,S,2,S,≤0.5,S,0,≤0.5,S,0,1,S,≤0.12,S,0,≤2,S,≤0.25,S,0,2,S,,,,,,,,,,,,,,,,,nt234∆8,,,,,,,,,,,,,,,,,,,,,,,,,
AND03-024,16,S,≤2,S,≤4,S,≤1,S,-0.5,2,S,1,S,≤0.5,S,-0.5,≤0.5,S,-0.25,1,S,≤0.12,S,-0.5,≤2,S,≤0.25,S,-0.5,1,S,,,,,,,nt1451InsC,,,,,,"A375P, A383P",,,,nt234∆8,,,,,,,,,,,,,,,,,,,,,,,,,
AND03-031,32,R,4,S,≤4,S,2,S,0,2,S,1,S,1,S,0.25,≤0.5,S,0,1,S,≤0.12,S,0.5,4,S,0.5,S,0,2,S,,,,,,,,,,,,,,,,,"R40H, nt234∆8",,,,,,,,,,,,S306T,,,,,,,,,,,,,
AND04-008,16,S,4,S,≤4,S,2,S,0,4,S,4,S,2,S,0,1,S,0,1,S,≤0.12,S,0,≤2,S,≤0.25,S,0,2,S,,,,,,,,,,,,,,,,,nt234∆8,,,,,,,,,,,,,,,,,,,,,,,,,
AND04-015,≤8,S,≤2,S,≤4,S,≤1,S,0,4,S,1,S,≤0.5,S,0,≤0.5,S,0,≤0.5,S,≤0.12,S,0,≤2,S,≤0.25,S,0,≤0.5,S,,,,,C24G,S183L,,,,,,,,,,,nt234∆8,,,,,,,,,,,,,,,,,,,,,,,,,
AND05-018,32,R,4,S,≤4,S,2,S,0,2,S,4,S,≤0.5,S,0,≤0.5,S,0,1,S,≤0.12,S,0,4,S,1,S,0,1,S,,,,,,,,,,,,,,,,,nt234∆8,,,,,,,,,,,,,,,,,,,,,,,,,
AND05-041,32,R,4,S,≤4,S,2,S,0,2,S,1,S,1,S,0,≤0.5,S,0,1,S,≤0.12,S,0,≤2,S,≤0.25,S,0,1,S,,,,,,,,,,,,,,,,,nt234∆8,,,,,,,,,,,,,,,,,,,,,,,,,
AND06-013,16,S,4,S,≤4,S,2,S,0,2,S,2,S,1,S,0,≤0.5,S,0,1,S,≤0.12,S,0,≤2,S,≤0.25,S,0,2,S,,,,,,,,,,,,,,,,,nt234∆8,,,,,,,,,,,,,,,,,,,,,,,,,
AND06-028,32,R,4,S,≤4,S,2,S,0,2,S,1,S,≤0.5,S,0,1,S,0,2,S,≤0.12,S,0,≤2,S,0.5,S,0,1,S,,,,,,,,,,,,,,,,,nt234∆8,,,,,,,,,,,,,,,,,,,,,,,,,
AND07-023,32,R,4,S,≤4,S,2,S,0,2,S,1,S,≤0.5,S,0,≤0.5,S,0,2,S,≤0.12,S,0,≤2,S,1,S,0,1,S,,,,,,,,,,,,,S382G,,,,nt234∆8,P337A,,G364S,,,,,,,,,,,,,,N775K,,,,,,,,Q117E
AND07-034,32,R,4,S,≤4,S,≤1,S,0,2,S,1,S,≤0.5,S,0,1,S,0,2,S,0.25,S,0,4,S,0.5,S,0,1,S,,,,,,,,,,,,,,,,,nt234∆8,,,,,,,,,,,,,,,,,,,,,,,,,
ARA01-014,16,S,≤2,S,≤4,S,≤1,S,0,2,S,1,S,1,S,0,≤0.5,S,0,1,S,≤0.12,S,0,≤2,S,≤0.25,S,0,1,S,,,,,,,,,,,,,,,,,nt234∆8,,,,,,,,,,,,,,,,,,,,,,,,,
ARA01-041,32,R,≤2,S,≤4,S,2,S,0,2,S,1,S,≤0.5,S,0,≤0.5,S,0,2,S,≤0.12,S,0,4,S,0.5,S,0.25,1,S,,,,,,,,,,,,,,,,,nt234∆8,,V957I,,,,,,,,,,,,,,,,,,,,,,A58V,
ARA01-046,16,S,4,S,≤4,S,≤1,S,0,≤1,S,≤0.5,S,≤0.5,S,0,≤0.5,S,0,≤0.5,S,≤0.12,S,0,≤2,S,≤0.25,S,0,2,S,,,,,,,,,,,,,,,,nt390Δ11,"nt234∆8, aa92Δ4",,,,,,,,,,,,,,,,,,,,,,,,,
ARA02-006,16,S,4,S,≤4,S,2,S,0,2,S,2,S,≤0.5,S,0,≤0.5,S,0,2,S,≤0.12,S,0,≤2,S,≤0.25,S,0,1,S,,,,,,,,,,,,,,,,,nt234∆8,,,,,,,,,,,,,,,,,,,,,,,,,
ARA02-038,32,R,4,S,≤4,S,2,S,0,2,S,1,S,≤0.5,S,0,≤0.5,S,0,2,S,≤0.12,S,0,≤2,S,≤0.25,S,0,1,S,,,,,,,,,,,,"D149Y, E731G",,,,,nt234∆8,,,,,,,,,,,,,,,,,,,,H139Y,,,,,
ARA03-006,16,S,4,S,≤4,S,2,S,0,2,S,1,S,≤0.5,S,0,≤0.5,S,0,2,S,≤0.12,S,0,4,S,0.5,S,0,1,S,,,,,,,,,,,,,,,,,nt234∆8,,,,,,,,,,,,,,,,,,,,,,,,,
AST01-011,32,R,4,S,≤4,S,2,S,0,2,S,2,S,≤0.5,S,0,≤0.5,S,0,2,S,≤0.12,S,0,≤2,S,0.5,S,0,1,S,,,,,,,,,,,,,,,,,nt234∆8,,,,,,,,,,,,,,,,,,A227V,,,,,,,
AST01-034,16,S,≤2,S,≤4,S,2,S,0,≤1,S,1,S,≤0.5,S,0,≤0.5,S,0,1,S,≤0.12,S,0,≤2,S,≤0.25,S,0,1,S,,,,,,,,,,,,,,,,,nt234∆8,,,,,,,,,,,,,,,,,,,,,,,,,
AST01-039,16,S,4,S,≤4,S,2,S,0,2,S,2,S,≤0.5,1,0,≤0.5,S,0,1,S,≤0.12,S,0,≤2,S,≤0.25,S,0,2,S,,,,,,,,,,,,,,,,,nt234∆8,,,,,,,,,,,,,,,,,,,,,,,,,
BAL01-005,16,S,4,S,≤4,S,≤1,S,0,≤1,S,≤0.5,S,1,S,0,≤0.5,S,0,1,S,≤0.12,S,0,4,S,0.5,S,0,≤0.5,S,,,A720V,,,,,,,,,,,,,,nt234∆8,,,,,,,,,,,,,,,,,,,,,,A233P,,,
BAL01-007,16,S,≤2,S,≤4,S,2,S,-0.5,≤1,S,1,S,≤0.5,S,-0.5,≤0.5,S,-0.25,1,S,≤0.12,S,-0.5,≤2,S,≤0.25,S,0,1,S,,,,,,nt1435∆1,,,,,,V431I,,,,,nt234∆8,,,,,,,,,,,,,,,,,,,,,,,,,
BAL02-010,≤8,S,≤2,S,≤4,S,≤1,S,0,≤1,S,≤0.5,S,≤0.5,S,0,≤0.5,S,0,1,S,≤0.12,S,0,≤2,S,≤0.25,S,0,1,S,,,,,,,,,,,,,,,,,nt234∆8,,,,,,,,,,,,,,,,,,,,,,,,,
BAL02-033,32,R,4,S,≤4,S,2,S,0,2,S,2,S,≤0.5,S,0,≤0.5,S,0,1,S,≤0.12,S,0,4,S,0.5,S,0,2,S,,,,,,,,,,,,,,,,,nt234∆8,,,,,,,,,,,,,,,,,,,,,,,,,
BAL03-015,≤8 ,S,≤2,S,≤4,S,≤1,S,0,≤1,S,1,S,≤0.5,S,0.25,≤0.5 ,S,0,≤0.5,S,≤0.12,S,0,≤2,S,≤0.25 ,S,0.25,2,S,,,A623T,,D342E,,,,,,,G423C,,,,,nt234∆8,,,,,,,,,P621L,,,,,,,,,,,,,E498D,,T32I,
BAL03-041,32,R,4,S,≤4,S,≤1,S,0,2,S,4,S,2,S,0,1,S,0,1,S,≤0.12,S,0,≤2,S,≤0.25,S,0,2,S,,aadA6,,,,,,,,,,,,,,P94S,nt234∆8,DELETED,∆2646nt,,,,,,,,,,,,,,,,,,,,,,,
BAL04-008,16,S,4,S,≤4,S,2,S,0,2,S,1,S,≤0.5,S,0,≤0.5,S,0,2,S,≤0.12,S,0,≤2,S,0.5,S,0,1,S,,,,,,,,,,,,,,,,,nt234∆8,,,,,,,,,,,,,,,,,,,,,,,,,
BAL04-019,32,R,4,S,≤4,S,2,S,0,2,S,1,S,≤0.5,S,0,1,S,0,2,S,≤0.12,S,0,≤2,S,≤0.25,S,0,1,S,,,,,,,,,,,,,,,,,nt234∆8,,,,,,,,,,,,,,,,,,,,,,,,,
CAN01-009,32,R,4,S,≤4,S,2,S,0,2,S,2,S,≤0.5,S,0,≤0.5,S,0,1,S,≤0.12,S,0,4,S,2,S,0,2,S,,,,,,,,,,,,,,,,,nt234∆8,,,,,,,,,,,,,,,,,,,,,,,,,
CAT01-003,≤8,S,≤2,S,≤4,S,≤1,S,0,≤1,S,1,S,≤0.5,S,0,≤0.5,S,0,1,S,≤0.12,S,0,≤2,S,≤0.25,S,0,1,S,,,,,,,,,,,,,,,,,nt234∆8,,,,,,,,,,,,,,,,,,,,,,,,,
CAT01-027,16,S,4,S,≤4,S,2,S,0,≤1,S,4,S,≤0.5,S,0.5,≤0.5,S,0,1,S,0.25,S,1,≤2,S,≤0.25,S,0,1,S,,,,,,,,,,,,,,,,nt769∆1,nt234∆8,,,,,,,,,,,,,,,,,,,,,,,,,
CAT02-005,≤8,S,≤2,S,≤4,S,2,S,-0.5,2,S,2,S,≤0.5,S,-0.5,1,S,-0.25,1,S,≤0.12,S,-0.5,≤2,S,≤0.25,S,0,1,S,,,,,,nt1345∆8,,,,,,,,,,,nt234∆8,,,T37A,,,,,,,,,,,,,,,,,,,,,,
CAT02-025,32,R,4,S,≤4,S,2,S,0,2,S,2,S,≤0.5,S,0,≤0.5,S,0,2,S,≤0.12,S,0,≤2,S,≤0.25,S,0,1,S,,,,,,,,,,,,,,,,,nt234∆8,,,,,,,,,,,,,,,,,,,,,,,,,
CAT03-010,16,S,≤2,S,≤4,S,4,S,0,2,S,2,S,1,S,0,≤0.5,S,0,1,S,0.25,S,0,≤2,S,0.5,S,0,1,S,,,,,,,,,,,,,,,,,nt234∆8,,,,,,,,,,,,,,,,,,,,,,,,,
CAT03-021,32,R,4,S,≤4,S,2,S,0,2,S,1,S,≤0.5,S,0,1,S,0,2,S,≤0.12,S,0,≤2,S,≤0.25,S,0,1,S,,,,,,,,,,nt1086∆1,,,,,,,nt234∆8,,,,,,,,,,,,,,,,,,,,,,,,,
CAT04-014,≤8,S,≤2,S,≤4,S,≤1,S,0.25,2,S,≤0.5,S,≤0.5,S,0.25,≤0.5,S,125,1,S,≤0.12,S,0.25,4,S,0.5,S,0,1,S,,,,,,,,,,,,,,,,,nt234∆8,,,,,,,G213D,,,,,,,,,,,,,,,,,,
CAT04-017,32,R,4,S,≤4,S,2,S,0,2,S,1,S,≤0.5,S,0,≤0.5,S,0,2,S,≤0.12,S,0,4,S,0.5,S,0,2,S,,,,,,,,,,,,,,,,,nt234∆8,,,,,,,,,,,,,,,,,,,,,,,,,
CAT05-011,16,S,≤2,S,≤4,S,2,S,0.25,≤1,S,≤0.5,S,≤0.5,S,0.25,≤0.5,S,0.25,1,S,≤0.12,S,0,≤2,S,≤0.25,S,0.25,1,S,,,,,,,,,,,,,,,,,nt234∆8,,,,,,,,,,,,,,G8S,,,,,,,G441D,,,,
CAT05-028,32,R,4,S,≤4,S,2,S,0.25,2,S,2,S,≤0.5,S,0.25,≤0.5,S,0.25,2,S,≤0.12,S,0,≤2,S,0.5,S,0.25,2,S,,,,,,,,,,,,,Q4H,,,,nt234∆8,Q372L,G501S,,,,,,,,,,,,D515N,,,,,,,V451L,,,,
CAT06-010,32,R,4,S,≤4,S,≤1,S,0,2,S,1,S,≤0.5,S,0,≤0.5,S,0,1,S,≤0.12,S,0,≤2,S,≤0.25,S,0,1,S,,,,,,,,,,,,,,,,,nt234∆8,,,,,,,,,,,,,,,,,,,,,,,,,
CAT06-011,16,S,≤2,S,≤4,S,2,S,0,2,S,1,S,1,S,0,≤0.5,S,0,1,S,≤0.12,S,0,≤2,S,≤0.25,S,0,2,S,,,,,,,,,,,,,,,,,nt234∆8,,,,,,,,,,,,,,,,,,,,,,,,,
CAT07-004,≤8,S,≤2,S,≤4,S,≤1,S,-0.5,≤1,S,1,S,≤0.5,S,-0.5,≤0.5,S,-0.25,≤0.5,S,≤0.12,S,-0.5,≤2,S,≤0.25,S,-0.5,1,S,,,,,,,nt426∆1,,,,,,,,,,nt234∆8,,,,,,,,,,,,,,,,,,,,,,,,,
CAT07-011,32,R,4,S,≤4,S,2,S,0,2,S,1,S,≤0.5,S,0,≤0.5,S,0,2,S,≤0.12,S,0,≤2,S,≤0.25,S,0,1,S,,,,,,,,,,,,,,,,,"S19W, R45X, nt234∆8",,,,,,,,,,,,G194D,,,,,,,,,,,,,
CAT08-018,32,R,4,S,≤4,S,2,S,0,2,S,2,S,≤0.5,S,0,1,S,0,2,S,≤0.12,S,0,≤2,S,≤0.25,S,0,2,S,,,,,,,,,,,,,,,,,nt234∆8,,,,,,,,,,,,,,,,,,,,,,,,,
CAT08-032,≤8,S,4,S,≤4,S,2,S,0,2,S,1,S,≤0.5,S,-0.25,≤0.5,S,0,2,S,≤0.12,S,625,≤2,S,≤0.25,S,0.25,1,S,,,,,,,,Y207X,,,,E505G,R151H,,,,nt234∆8,,,,,,,,,V29I,,,L133I,S695T,,,,,,,,,,,,
CAT09-012,32,R,4,S,≤4,S,2,S,0,2,S,1,S,≤0.5,S,0,1,S,0,2,S,≤0.12,S,0,≤2,S,2,S,0,1,S,,,,,,,,,,,,A501T,,,,,nt234∆8,,,,,,,,,,,,,,,,,,,,,,,,,
CLE01-002,16,S,4,S,≤4,S,2,S,0,2,S,≤0.5,S,≤0.5,S,0,≤0.5,S,0,1,S,≤0.12,S,0,≤2,S,≤0.25,S,0.25,1,S,,,,,,,,,,,,,,,,,nt234∆8,,,,,aa914InsPK,,,,,,,,,,,,G686R,,,,G439D,,,,
CLE02-015,32,R,4,S,≤4,S,2,S,0,2,S,2,S,1,S,0,≤0.5,S,0,2,S,≤0.12,S,0.5,≤2,S,≤0.25,S,0,1,S,,,,,,,,,,,,V24A,,,,,nt234∆8,,A258T,,,,,,,,,,,,,,,,,L88F,,,,,,
CLE02-027,16,S,4,S,≤4,S,2,S,0.25,2,S,1,S,≤0.5,S,0.25,≤0.5,S,125,1,S,≤0.12,S,0.25,≤2,S,≤0.25,S,0,2,S,,,,,,,,,,,,T1034S,,,,,nt234∆8,,,,,,A19T,,,,,,,,,,,,,,,,,,,
CLE02-043,32,R,4,S,≤4,S,2,S,0,2,S,1,S,≤0.5,S,0,≤0.5,S,0,2,S,≤0.12,S,0,≤2,S,≤0.25,S,0,1,S,,,,,,,,,,,,,,,,,nt234∆8,,,,,,,,,,,,,,,,,,,,,,,,,
CLE03-014,16,S,≤2,S,≤4,S,2,S,0,2,S,1,S,≤0.5,S,0.25,≤0.5,S,0,1,S,≤0.12,S,125,4,S,0.5,S,0.5,1,S,,,,,,,,,,,,,,G195S,,,nt234∆8,,,,,,,,,,,,,,,,,,,,,,,,G51C,
CLE03-016,16,S,4,S,≤4,S,2,S,0,2,S,1,S,1,S,0,≤0.5,S,0,2,S,≤0.12,S,0,4,S,0.5,S,0,1,S,,,,,,,,,,,,,,,,,nt234∆8,,,,,,,,,,,,,,,,,,,,,,,,,
CLE03-019,32,R,4,S,≤4,S,2,S,0.25,2,S,1,S,≤0.5,S,125,≤0.5,S,125,1,S,≤0.12,S,0,4,S,0.5,S,0.25,1,S,,,,,,,,,,,,,,,,,nt234∆8,,,,,,,,,,H98Y,,D263V,,,,,,,,,,,,S348T,
CLM01-008,32,R,4,S,≤4,S,2,S,0,2,S,1,S,≤0.5,S,0,≤0.5,S,0,2,S,≤0.12,S,0,≤2,S,≤0.25,S,0,2,S,,,,,,,,,,,,,,,,,nt234∆8,,,,,,,,,,,,,,,,,,,,,,,,,
CLM01-022,16,S,≤2,S,≤4,S,≤1,S,0,≤1,S,1,S,≤0.5,S,0,≤0.5,S,0,1,S,≤0.12,S,0,4,S,0.5,S,0,1,S,,,,,,,,,,,,,,,,DELETED,DELETED,DELETED,DELETED,DELETED,,,,,,,,,,,,,,,,,,,,,,
CLM01-039,16,S,≤2,S,≤4,S,≤1,S,0,≤1,S,≤0.5,S,≤0.5,S,125,≤0.5,S,0,1,S,≤0.12,S,0,4,S,0.5,S,0,1,S,,,,,,,,,,,,,,,,,nt234∆8,,,,,,,,,,,,,,,,,,,,,,,,,
CLM02-018,≤8,S,≤2,S,≤4,S,≤1,S,-0.5,≤1,S,≤0.5,S,≤0.5,S,0,≤0.5,S,-0.25,≤0.5,S,≤0.12,S,-0.25,4,S,0.5,S,0.5,≤0.5,S,,,,,,aa36∆5,,,,,,,,nt350∆19,,,nt234∆8,,,,,,,,,,,,,,,,,,,,,,,,,
CLM02-020,16,S,≤2,S,≤4,S,2,S,0,≤1,S,1,S,≤0.5,S,0,≤0.5,S,0,2,S,≤0.12,S,0,4,S,≤0.25,S,0,2,S,,,,,,,,,,,,,,,,,nt234∆8,,,,,,,,,,,,,,,,,,,,,,,,,
CLM02-036,16,S,4,S,≤4,S,2,S,0.5,2,S,≤0.5,S,≤0.5,S,0.5,1,S,0.25,1,S,≤0.12,S,0.5,≤2,S,≤0.25,S,0,1,S,,,,,,,,,,,,,,,,,nt234∆8,,,,,,,"∆239nt, nt444∆1",,,,,,,,,,,,,,,,,,
CVA01-024,16,S,≤2,S,≤4,S,≤1,S,0,≤1,S,1,S,≤0.5,S,0.25,≤0.5,S,0,1,S,≤0.12,S,125,≤2,S,≤0.25,S,0.25,1,S,,,,,,,,,,"D294A, S386N",,V240A,,,,,nt234∆8,,,,,,,,,,,M241I,,,,,,G199D,,,,,,,,
CVA01-050,32,R,≤2,S,≤4,S,2,S,0,2,S,1,S,≤0.5,S,-0.5,≤0.5,S,0,2,S,≤0.12,S,-0.25,≤2,S,≤0.25,S,-0.5,1,S,,,,,,,,,,,,,Q396X,,,,nt234∆8,,,,,,,,,,,,,,,,,,,,,,,,,
CVA01-052,16,S,≤2,S,≤4,S,2,S,0,4,S,≤0.5,S,≤0.5,S,0,≤0.5,S,0,1,S,0.25,S,0,4,S,0.5,S,0.25,1,S,,,,,,,,,,,,,,,,,nt234∆8,,,A277V,,,,,,,,,,,,,,,,,,T343N,,,,
CVA02-027,32,R,4,S,≤4,S,2,S,0,2,S,1,S,≤0.5,S,0,≤0.5,S,0,2,S,≤0.12,S,0,≤2,S,0.5,S,0,1,S,,,,,,,,,,,,,,,,,nt234∆8,,,,,,,,,,,,,,,,,,,,,,,,,
CVA03-012,≤8,S,≤2,S,≤4,S,≤1,S,-0.5,4,S,2,S,≤0.5,S,0,≤0.5,S,-0.25,≤0.5,S,≤0.12,S,-0.25,4,S,0.5,S,0.5,1,S,,,,,A111T,aa287∆4,,,,,,,,nt9InsC,,,nt234∆8,,,,,,,,,,,,,,,,,,,,,,,,,
CVA03-023,16,S,4,S,≤4,S,2,S,0,2,S,≤0.5,S,≤0.5,S,0.25,1,S,0,2,S,≤0.12,S,0,≤2,S,≤0.25,S,0.25,1,S,,,,,,,,,,,,E505G,R151H,,,,nt234∆8,,,,,,,,,V29I,,,L133I,S695T,,,,,,,,,,,,
EXT01-017,32,R,4,S,≤4,S,2,S,0,2,S,1,S,≤0.5,S,0,≤0.5,S,0,1,S,≤0.12,S,0,≤2,S,≤0.25,S,0,1,S,,,,,,,,,,E90X,,,,,,,nt234∆8,,,,,,,,,,,,,,,,,,,,,,,,,
GAL01-008,16,S,≤2,S,≤4,S,≤1,S,0,≤1,S,1,S,1,S,0,≤0.5,S,0,1,S,≤0.12,S,0,≤2,S,≤0.25,S,0,2,S,,,,,,,,,,,,,,,,,nt234∆8,,,,,,,,,,,,,,,,,,,,,,,,,
GAL01-017,16,S,≤2,S,≤4,S,≤1,S,0,2,S,1,S,1,S,0.25,≤0.5,S,0,1,S,≤0.12,S,0,≤2,S,≤0.25,S,0,1,S,,,,,,,,,"F77L, F89L, L96I, Q250K",,,,,,,,nt234∆8,,,,,,,,,,,,,,,,,,,,,,,,,
GAL02-037,16,S,4,S,≤4,S,2,S,0,2,S,1,S,1,S,0,≤0.5,S,0,1,S,≤0.12,S,0,≤2,S,0.5,S,0,1,S,,,,,,,,,,,,,,,,,nt234∆8,,,,,,,,,,,,,,,,,,,,,,,,,
GAL03-001,16,S,4,S,≤4,S,2,S,0,2,S,2,S,1,S,0.25,≤0.5,S,0,1,S,≤0.12,S,0.5,≤2,S,≤0.25,S,0.25,2,S,,,,,,,,,,,,,,,,T236P,nt234∆8,,,,,,,,,,,,,,,,,,,,,,,,R320P,
GAL04-008,≤8,S,≤2,S,≤4,S,≤1,S,0,≤1,S,1,S,≤0.5,S,0.5,≤0.5,S,0,1,S,≤0.12,S,1,4,S,0.5,S,0.25,1,S,,,,,,R817P,,,,,,,,,,∆803nt,"D59A, nt234∆8",,V957I,,,,,,,,,,,,,,,,,,,,,,A58V,
GAL04-038,16,S,4,S,≤4,S,2,S,0,2,S,2,S,2,S,0,1,S,0,1,S,≤0.12,S,0,≤2,S,≤0.25,S,0,1,S,,,,,,,,,,,,,,,,,nt234∆8,,,,,,,,,,,,,,,,,,,,,,,,,
GAL05-011,32,R,4,S,≤4,S,2,S,0,2,S,1,S,≤0.5,S,0,≤0.5,S,0,2,S,≤0.12,S,0,≤2,S,0.5,S,0,1,S,,,,,,,,,,,,"A400T, A527V",,,,,nt234∆8,,,,,,,,,,,,,,,,,,,,,,,,,
GAL05-033,32,R,4,S,≤4,S,2,S,0,2,S,1,S,1,S,0,≤0.5,S,0,2,S,≤0.12,S,0,≤2,S,≤0.25,S,0,1,S,,,,,,,,,,,,,,,,,nt234∆8,,,,,,,,,,,,,,,,,,,,,,,,,
ICA01-038,32,R,4,S,≤4,S,2,S,0,2,S,≤0.5,S,≤0.5,S,0,≤0.5,S,0,2,S,≤0.12,S,0,4,S,0.5,S,0,1,S,,,,,,,,,,,,,,,,,nt234∆8,,,,,,,,,,,,,,,,,,,,,,,,,
LRJ01-009,≤8,S,≤2,S,≤4,S,≤1,S,0,≤1,S,≤0.5,S,≤0.5,S,0,≤0.5,S,0.25,≤0.5,S,≤0.12,S,-0.5,≤2,S,≤0.25,S,-0.5,≤0.5,S,,,,,Q69X,,,,,,,DELETED,DELETED,DELETED,DELETED,,nt234∆8,,,,,,,,,,,,,,,,,,,,,,,,,
LRJ01-020,32,R,4,S,≤4,S,2,S,0,2,S,1,S,≤0.5,S,0,≤0.5,S,0,2,S,≤0.12,S,0,≤2,S,≤0.25,S,0,2,S,,,,,,,,,,,,,,,,,nt234∆8,,,,,,,,,,,,,,,,,,,,,,,,,
LRJ01-032,16,S,4,S,≤4,S,≤1,S,0,2,S,1,S,1,S,0,≤0.5,S,0,1,S,0.25,S,0,4,S,≤0.25,S,0.25,2,S,,,,,,,,,,,,,,,,,nt234∆8,,,,,,,,,,,,,,,,,,,,,T458I,,,,
MAD01-003,16,S,≤2,S,≤4,S,≤1,S,0,≤1,S,2,S,≤0.5,S,0,≤0.5,S,0,1,S,≤0.12,S,0,≤2,S,≤0.25,S,0,1,S,,,,,,,,,,,,,,,,,nt234∆8,,,,,,,,,,,,,,,,,,,,,,,,,
MAD01-018,16,S,4,S,≤4,S,2,S,0,2,S,≤0.5,S,≤0.5,S,0,1,S,0,2,S,≤0.12,S,0,4,S,0.5,S,0,1,S,,,,,,L672Q,,,,,,,,,,,nt234∆8,,A850E,,,,,,,,,,,,,,,M118T,,,,,D62N,,,
MAD02-022,32,R,4,S,≤4,S,2,S,0,2,S,1,S,≤0.5,S,0.25,1,S,0,2,S,≤0.12,S,0,4,S,0.5,S,0,1,S,,,,,D373N,,,,,,,"N98S, V1021L",,,,,nt234∆8,,L893V,,,,,,,E107D,,,,,,,G278D,,,,,,,,,
MAD02-027,≤8,S,4,S,≤4,S,2,S,0,2,S,2,S,≤0.5,S,0.25,≤0.5,S,0,2,S,≤0.12,S,0,≤2,S,0.5,S,0,2,S,,"strA, strB",,,,,,,,,,,,,,,nt234∆8,,D648A,,,,,,,P503L,,,,,,,,,,,,,,,,
MAD03-008,32,R,4,S,≤4,S,2,S,0.5,2,S,2,S,1,S,125,1,S,125,2,S,≤0.12,S,0,≤2,S,≤0.25,S,0,2,S,,,,,,,,,,,,,,,,,"nt234∆8, nt844∆1",,,,N44K,,,,,,,,,,,,,T659M,nt205∆2,nt295∆14,,,,,,
MAD03-022,16,S,≤2,S,≤4,S,≤1,S,0,≤1,S,1,S,≤0.5,S,0,≤0.5,S,0,≤0.5,S,≤0.12,S,0,≤2,S,≤0.25,S,0,1,S,,,,,,,,,,,,,,,,,nt234∆8,,,,,,,,,,,,,,,,,,,,,,,,,
MAD04-034,16,S,≤2,S,≤4,S,2,S,0.25,2,S,2,S,2,S,0.25,≤0.5,S,0.25,1,S,≤0.12,S,0,4,S,0.5,S,0,1,S,,,,,,,,,,,,,,,,,nt234∆8,,,,,,,,,,,,,,V373I,,,,,,,,,,,
MAD05-006,16,S,4,S,≤4,S,2,S,0,2,S,2,S,1,S,0,≤0.5,S,0,2,S,≤0.12,S,0,≤2,S,≤0.25,S,0,2,S,,,,,,,,,,,,,,,,,nt234∆8,,,,,,,,,,,,,,,,,,,,,,,,,
MAD05-018,32,R,4,S,≤4,S,2,S,0,2,S,1,S,≤0.5,S,0.25,≤0.5,S,0,2,S,≤0.12,S,0.5,≤2,S,0.5,S,0.25,1,S,,,,,,,,,,,,,,,,,"P28L, nt234∆8",,,,,,,,,,,,,,,,,,A106T,,,,,,G190A,
MAD06-003,16,S,4,S,≤4 ,S,2,S,0,4,S,≤0.5,S,1,S,0.75,≤0.5,S,0,2,S,0.25,S,125,4,S,0.5,S,0.25,2,S,,,,,,,,,nt88IS,R165H,,,,,,,nt234∆8,,,,,,,,,,,,,,,,,,,,,,,,,
MAD06-018,32,R,4,S,≤4,S,2,S,0,2,S,2,S,1,S,0,1,S,0,2,S,≤0.12,S,0,4,S,0.5,S,0,1,S,,,,,,,,,,,,,,,,,nt234∆8,,,,,,,,,,,,,,,,,,,,,,,,,
MUR01-013,≤8,S,≤2,S,≤4,S,≤1,S,0.5,≤1,S,1,S,≤0.5,S,125,≤0.5,S,125,1,S,≤0.12,S,0,≤2,S,≤0.25,S,0,1,S,,,,,,,,,,,,A501V,,,,,nt234∆8,,,,,,,,,,,,,,,R14H,,,,,,,,,,
MUR01-023,32,R,8,S,≤4,S,2,S,0,2,S,1,S,≤0.5,S,0,≤0.5,S,0,2,S,≤0.12,S,0,≤2,S,≤0.25,S,0,1,S,,,,,,,,,,,,,,,,,nt234∆8,,,,,,,,,,,,,,,,L66P,,,,,,,,,
NAV01-003,≤8,S,≤2,S,≤4,S,≤1,S,0,≤1,S,2,S,≤0.5,S,0,"≤0,5",S,0,1,S,≤0.12,S,0,≤2,S,0.5,S,0,2,S,,,,,,,,,,,,,,,,,nt234∆8,,D648A,,,,,,,,,,,,,,,,,,,,,,,
NAV01-030,32,R,8,S,≤4,S,2,S,0,2,S,1,S,≤0.5,S,0,≤0.5,S,0,2,S,≤0.12,S,0,4,S,0.5,S,0,1,S,,,,,,,,,,,,,,,,,nt234∆8,,,,,,,,,,,,,,,,,,,,,,,,,
PVA01-032,16,S,4,S,≤4,S,2,S,0.25,≤1,S,1,S,≤0.5,S,125,≤0.5,S,125,2,S,≤0.12,S,0,≤2,S,≤0.25,S,0,1,S,,,,,,,,,,,,,,,,,nt234∆8,,,,,,,,,,D382N,,,,,,,,,,,,,,,
PVA01-035,32,R,4,S,≤4,S,2,S,0,2,S,1,S,≤0.5,S,0,≤0.5,S,0,2,S,≤0.12,S,0,≤2,S,≤0.25,S,0,2,S,,,,,,,,,,,,,,,,,nt234∆8,,,,,,,,,,,,,,,,,,,,,,,,,
PVA01-040,16,S,≤2,S,≤4,S,≤1,S,-0.5,≤1,S,2,S,≤0.5,S,-0.5,≤0.5,S,-0.25,1,S,≤0.12,S,-0.5,4,S,0.5,S,0,1,S,,,,,,nt1726∆4,,,,,,,,,,,nt234∆8,,,,,,,,,,,,,,,,,,,,,,,,,
AND01-004,128,R,16,S,16,S,4,S,0.25,8,S,2,S,≤0.5,S,0.25,1,S,125,4,S,0.5,S,0.25,≤2,S,≤0.25,S,0,2,S,,,,,,,,,,,,,,,,,nt234∆8,,,A12T ,,,,T50P  ,,,,,,,,,,,,,,,,,,
AND01-005,128,R,16,S,8,S,4,S,0.25,4,S,2,S,≤0.5,S,375,≤0.5,S,125,4,S,0.5,S,125,≤2,S,0.5,S,0.25,1,S,,,,,,,,,,V238L,,,,,,,nt234∆8,,,,,,,,,,A356V,,,,,,,,V131M ,,,,,,,
AND01-006,64,R,16,S,16,S,2,S,0,4,S,1,S,≤0.5,S,0,1,S,0,4,S,≤0.12,S,0,4,S,0.5,S,0,1,S,,,,,,,,,,,,A708T   ,,,,,nt234∆8,G282S,,,,,,,,,,,F6L     ,,,,,,,,,,R441L,,,
AND01-016,256,R,32,R,256,R,64,R,0.5,32,R,8,R,8,I,0.5,2,S,0.25,16,R,>16,R,1,4,S,0.5,S,0,1,S,,,,,,,,,,,,,,,,,nt234∆8,,,,,T83I,nt451Δ16,,,,,G273E,,,,,,,,,,,S87W ,,,
AND02-001,128,R,32,R,256,R,16,R,0.5,16,R,8,R,8,I,1,≤0.5,S,125,4,S,2,R,1,8,S,0.5,S,0.5,2,S,,,,,,,,,W138X,,, ,,aa103∆1,,,nt234∆8,,,,,T83I,,,,,,,,,,L135Q  ,,,,,,,,E459V,,
AND02-002,64,R,32,R,8,S,4,S,0,4,S,4,S,1,S,0,1,S,0,8,S,≤0.12,S,0,≤2,S,0.5,S,0.5,1,S,,,,,,,,,,,,L239P   ,,,,,nt234∆8,,,,,,,,,,,,L200F,,,,,"R596S, L1027V",V367A,,D61N ,,,,A262S,
AND02-003,256,R,32,R,32,R,8,S,0.5,8,S,16,R,16,R,1,1,S,125,16,R,>16,R,1,16,I,>32,R,1,1,S,,"aac(3)-Ib, aacA4, strA, strB",E468D,,,,,,nt1056∆1,"L137P, V216A ",,,,aa163InsY,,,nt234∆8,,,,,T83I,,,,,,,,,,A96T,,,,,,,S87L ,P438S ,,
AND02-006,32,R,4,S,≤4,S,2,S,0,2,S,2,S,≤0.5,S,0,≤0.5,S,0,2,S,≤0.12,S,0,4,S,≤0.25,S,0,1,S,,,,,,,,,,,,,,,,,nt234∆8,,,,,,,,,,,,,,,,,,,,,,,,,
AND03-001,32,R,4,S,8,S,2,S,0,4,S,1,S,≤0.5,S,0,1,S,0,4,S,≤0.12,S,0,≤2,S,≤0.25,S,0,1,S,,,,,,,,,,,,,S320P   ,,,,nt234∆8,,,,,,,,,,,,,,,,,,,,,,,,,
AND03-003,32,R,4,S,≤4,S,8,S,0,2,S,1,S,2,S,0,≤0.5,S,0,2,S,≤0.12,S,0,≤2,S,0.5,S,0,4,R,,,,,,,,,,,,,,,,,nt234∆8,,,A228V,,,,,,,,,,,,,,,,,,,,,,
AND03-009,32,R,4,S,8,S,2,S,0.25,4,S,1,S,≤0.5,S,0.25,1,S,125,2,S,0.25,S,0.25,4,S,0.5,S,0.25,2,S,,,,,,,,,,,,,I212L   ,,,,nt234∆8,,,,,,,G213D,,,,,,,,,,,,,,T343A ,,,,
AND03-012,64,R,8,S,≤4,S,8,S,0,2,S,2,S,≤0.5,S,0,1,S,0,2,S,0.25,S,0,8,S,1,S,0,2,S,,,,,,,,,,,,,,,,,nt234∆8,,,,,,,,,,,,,,,,,,,,,,,,,
AND04-001,32,R,8,S,16,S,4,S,0,8,S,1,S,1,S,0,1,S,0,4,S,≤0.12,S,0,4,S,0.5,S,0,1,S,,,,,,,,,,,,A131T   ,,,,,nt234∆8,,,,,,,,,,,,,,,,I261T,,,,,,,,,
AND04-002,32,R,4,S,8,S,4,S,0,2,S,2,S,1,S,0,≤0.5,S,0,2,S,≤0.12,S,0,≤2,S,≤0.25,S,0,1,S,,,,,,,,,,,,,H119Y,,,,nt234∆8,,,,,,,,,,,,,,,,,,,,,,,,,
AND04-003,128,R,16,S,32,R,16,R,1,8,S,>32,R,8,I,875,≤0.5,S,375,4,S,8,R,1,8,S,1,S,0,2,S,,,,,,,,,,,,,,,,"L32Q, V333M","R334C,  nt234∆8",,,,,"T83I, K162R",Q97X,,,,,,,,,R140W  ,,,,,,,,,,
AND04-004A,32,R,8,S,16,S,4,S,0,2,S,4,S,4,I,0,≤0.5,S,0,2,S,≤0.12,S,0,≤2,S,0.5,S,0,1,S,,,,,,,,,,,,,,,,,nt234∆8,,,,,,,,,,,,,,,,,,,,,,,,,
AND05-004,32,R,8,S,8,S,2,S,0,2,S,1,S,≤0.5,S,0,≤0.5,S,0,2,S,≤0.12,S,0,≤2,S,0.5,S,0,1,S,,,,,,,,,,,,,,,,,nt234∆8,,,,,,,,,,,,,,,,,,,,,,,,,
AND05-005,32,R,4,S,≤4,S,4,S,0,2,S,2,S,≤0.5,S,0,1,S,0,2,S,≤0.12,S,0,4,S,0.5,S,0,1,S,,,,,,,,,,,,,,,,,nt234∆8,V156A,,,,,,,,,,,,,,,A152V,,,,,,,,,
AND05-008,64,R,4,S,8,S,8,S,0,8,S,4,S,≤0.5,S,0,1,S,0,2,S,≤0.12,S,0,4,S,0.5,S,0,2,S,,,,,,,,,,,,"V875M, N1036S",,,,,nt234∆8,,,,,,,,,,,,,,,,,,,,,,,,,
AND05-009,32,R,4,S,≤4,S,2,S,0,2,S,1,S,1,S,0.25,≤0.5,S,0,2,S,≤0.12,S,0,≤2,S,0.5,S,0,4,R,,,N5K,,,,,,,,,,,,,,nt234∆8,,,,,,,,,,,,,,,,,,,,,,,,,
AND06-001,128,R,16,S,16,S,4,S,375,4,S,1,S,≤0.5,S,0.25,≤0.5,S,125,4,S,≤0.12,S,0.25,≤2,S,≤0.25,S,0,1,S,,,,S92N ,,,,,,,,,,,,,nt234∆8,P337A,,,,,,,,,,,,,,,,N775K  ,,,,,,,,Q117E
AND06-002,≤8,S,≤2,S,≤4,S,2,S,0.5,4,S,2,S,≤0.5,S,0.75,1,S,0.25,1,S,1,R,1,16,I,2,S,0.5,1,S,,,,aa11∆4,,,,,,,,,,T12N,,,nt234∆8,,,,,D87N,,,,,,,,,,,,,,,, V431I,,,,
AND06-003,32,R,8,S,≤4,S,2,S,0,2,S,2,S,≤0.5,S,0,1,S,0,2,S,≤0.12,S,0,≤2,S,0.5,S,0,1,S,,,,,,,,,,,,,,,,,nt234∆8,,,,,,,,,,,,,,,,,,,,,,,,,
AND06-006,32,R,4,S,≤4,S,2,S,0,2,S,16,R,8,I,0.75,1,S,0,2,S,≤0.12,S,125,4,S,0.5,S,0.25,1,S,,,,,,,,,nt1185∆1,A345T,, N709S ,,,,,nt234∆8,,,,,,,,,,,,,,,,,,,,,,,,,
AND07-001,32,R,4,S,≤4,S,2,S,0,2,S,2,S,1,S,0,≤0.5,S,0,1,S,≤0.12,S,0,≤2,S,2,S,0,2,S,,,,,,,,,,,,,,,,,,,,,,,,,,,,,,,,,,,,,,,,,,
AND07-002,32,R,4,S,≤4,S,2,S,0,4,S,2,S,≤0.5,S,0,1,S,0,2,S,0.25,S,0,≤2,S,2,S,0,1,S,,,,,,,,,,,,,,,,,nt234∆8,,,,,,,,,,,,,,,,,,,,,,,,,
AND07-003,32,R,4,S,≤4,S,2,S,375,2,S,4,S,≤0.5,S,375,1,S,125,2,S,0.5,S,0.5,≤2,S,≤0.25,S,0,1,S,,,,,,,,,,,,"A586T, N709H ",,,,P90L ,nt234∆8,,,R363H,,,,,,,S306N,,,,,,,,,,,,,,,P116S
AND07-005,32,R,4,S,≤4,S,4,S,0,2,S,4,S,4,I,0,≤0.5,S,0,2,S,≤0.12,S,0,≤2,S,≤0.25,S,0,2,S,,,,,,,,,,,,,,,,,nt234∆8,,,,,,,,,,,,,,,,,,,,,,,,,
ARA01-001,32,R,≤2,S,8,S,2,S,0,2,S,4,S,≤0.5,S,0,≤0.5,S,0,2,S,0.25,S,0.5,≤2,S,≤0.25,S,0,1,S,,,,,,,,,,,,,,,,,nt234∆8,,,,,,,,,,,,,,,,,,G8R ,A124T,,,A688V,,,
ARA01-002,128,R,16,S,16,S,4,S,0.25,8,S,2,S,2,S,0.5,1,S,125,4,S,2,R,1,≤2,S,≤0.25,S,0,1,S,,,S466F,L102P ,,,,,,,,,,,,,nt234∆8,,,,,,,,,A481T,,,,,,,,,,,,,,,,
ARA01-003,32,R,4,S,16,S,4,S,0,4,S,8,R,4,I,1,1,S,0,2,S,≤0.12,S,0.25,4,S,0.5,S,0.5,1,S,,,,,,,,,nt1206InsC,,,,,W185X,,,nt234∆8,,Q363R,,,,,,,,,,,,,,,,,,,,,,,
ARA01-006,128,R,4,S,8,S,4,S,0,4,S,16,R,4,I,0.5,2,S,0,2,S,≤0.12,S,0,≤2,S,0.5,S,0,1,S,,,,,,V1042A,,,aa397∆9,,,R706H ,,,,,nt234∆8,,,,,,,,,,,A175V,S306T ,,,,,,,,,,V238I,,,
ARA02-001,256,R,16,S,128,R,32,R,0,16,R,8,R,16,R,0,2,S,0,8,S,0.5,S,0,≤2,S,≤0.25,S,0,2,S,,,,,,,,,,,,,,,,,nt234∆8,,,,,,,,,,,,,,,,,,,,,,,,,
ARA02-002,128,R,16,S,16,S,8,S,1,8,S,4,S,8,I,1,1,S,0.5,4,S,1,R,625,4,S,0.5,S,0.25,2,S,,,,nt402∆11,,,,,,"R83K, V216A",,,,,,,nt234∆8,,,,Y61H,,,,,,A222G,,,,,,,,,,,,,,,
ARA02-005,32,R,≤2,S,≤4,S,2,S,0,2,S,2,S,1,S,0,1,S,0,1,S,≤0.12,S,0,≤2,S,≤0.25,S,0.25,4,R,,,,,,,,,,,,,,,,,nt234∆8,,,R151L,,,,,,,,,,,,,,,,,,,,,R320C,
ARA02-007,32,R,4,S,≤4,S,2,S,0,8,S,1,S,≤0.5,S,0.5,1,S,0,2,S,0.25,S,0.25,4,S,0.5,S,0.5,4,R,,,,,,,,,,,,,,nt484InsC,,,nt234∆8,,,,,P440S,,,,,,,,,,,,"T778A,  P829H",,,,,,,,
ARA03-001,512,R,4,S,8,S,2,S,0,2,S,1,S,2,S,0,1,S,0,2,S,≤0.12,S,0,≤2,S,0.5,S,0,1,S,,,,,,,,,,,,,,,,,nt234∆8,,,,,,,,,,,,,,,,,,,,,,,,,
ARA03-002,16,S,≤2,S,≤4,S,2,S,0,≤1,S,8,R,4,I,0.5,≤0.5,S,0,1,S,≤0.12,S,0,≤2,S,≤0.25,S,0,2,S,,"strA, strB",,,,,,,nt1206InsC,,,,,,,,nt234∆8,,,,,,,,,,,,,,,,,,,,,,,,,
ARA03-003,64,R,16,S,16,S,8,S,0.25,8,S,16,R,8,I,625,1,S,125,2,S,≤0.12,S,0,4,S,0.5,S,0,1,S,,,,,,,,,nt209∆10,,,,,,,,nt234∆8,,,,,,,,,,Y35S ,,,,,,,,,,,,,,,
ARA03-004,≤8,S,4,S,≤4,S,2,S,1,2,S,≤0.5,S,≤0.5,S,0.25,≤0.5,S,0.25,≤0.5,S,1,R,1,4,S,0.5,S,0,2,S,,,,,,,,,,,,,,,,,nt234∆8,,,,,D87N,,,,,,,,,,Q131X,,,,,,,,,,
AST01-001,32,R,4,S,8,S,4,S,0,2,S,1,S,1,S,0,1,S,0,2,S,0.25,S,0,8,S,1,S,0,2,S,,,,,,,,,,,,,,,,,nt234∆8,,,,,,,,,,,,,,,,,,,,,,,,,
AST01-003,32,R,4,S,8,S,4,S,0,2,S,1,S,1,S,0.25,1,S,0,2,S,0.25,S,0.5,≤2,S,0.5,S,0,2,S,,,,,,,,,,,,,,,,Q100H ,nt234∆8,,,,,,,,,,,,,,,,,,,,,,,,,
AST01-005,64,R,4,S,8,S,2,S,0,4,S,2,S,1,S,0,1,S,0,2,S,0.25,S,0,4,S,4,S,0,8,R,,,,,I63V,,,,,,,A772T  ,,,,,nt234∆8,,G1056D,D102N,,,,,,,,,,,,,,,,,,,P683S,,,
AST01-006,64,R,4,S,8,S,2,S,0,2,S,2,S,≤0.5,S,0,1,S,0,2,S,≤0.12,S,0,≤2,S,1,S,0,2,S,,,,,,,,,,,,,,,,,nt234∆8,,,,,,,,,,,,,,,,,,,,,,,,,
BAL01-001,32,R,4,S,8,S,2,S,0,4,S,1,S,≤0.5,S,0,1,S,0,2,S,≤0.12,S,0,4,S,0.5,S,0,2,S,,,,,,,,,,,,,,,,,nt234∆8,,,,,,,,,,,,,,,,,,,,,,,,,
BAL01-003,128,R,16,S,128,R,16,R,1,4,S,8,R,8,I,1,1,S,0.25,2,S,>16,R,1,4,S,16,R,1,2,S,,aadB,,,,,,,Q142X,,,,,G195D,,,nt234∆8,,,,,"T83I, D87N",,,,,,G154R,,,,,,,,,,,"S87W, L168Q",,V266M,
BAL01-004,256,R,64,R,64,R,16,R,0.5,16,R,16,R,16,R,1,2,S,375,16,R,0.25,S,0.25,≤2,S,0.5,S,0,4,R,,,,L95F ,,,,,nt1206InsC,,,,,,,,nt234∆8,,,,,,,,,,,,,,D440E,,,,,,,,,,,
BAL01-006,256,R,16,S,128,R,32,R,1,16,R,32,R,16,R,1,2,S,0.25,8,S,>16,R,1,8,S,>32,R,1,1,S,,aadB,,,,,,,Q142X,,,,,G195D,,,nt234∆8,,,,,"T83I, D87N",,,,,,G154R,,,,,,,,,,,"S87W, L168Q",,V266M,
BAL02-001,64,R,4,S,≤4,S,2,S,0,4,S,4,S,4,I,0,≤0.5,S,0,2,S,≤0.12,S,0,≤2,S,≤0.25,S,0,2,S,,,,,,,,,,,,,,,,,nt234∆8,,,,,,,,,,,,,,,,,,,,,,,,,
BAL02-005,16,S,4,S,8,S,2,S,0,4,S,4,S,2,S,0.75,≤0.5,S,0,1,S,0.5,S,0.75,4,S,0.5,S,0.5,2,S,,,,,,,,,,,,,,aa187∆6,, G231S ,nt234∆8,,,,,,,,,,,,,,,,,,,,,,,,,
BAL02-006,32,R,4,S,8,S,2,S,0,4,S,1,S,≤0.5,S,0,1,S,0,2,S,≤0.12,S,0,≤2,S,2,S,0.25,1,S,,,,,,,,,,,,,,,,,nt234∆8,,,R455H,,,,,,,,,,,,,,,,,,T406A,,,,
BAL02-009,16,S,4,S,8,S,2,S,625,4,S,16,R,4,I,625,≤0.5,S,125,1,S,2,R,1,≤2,S,≤0.25,S,0.25,4,R,,,,,,,,P55S ,,,,"R251H, I543V  ",A38T   ,G68D,,V104A ,nt234∆8,,,,,,,,,,,A16V,,,,T47I ,,,,R163Q,,,,,,
BAL03-001,64,R,8,S,8,S,2,S,0,4,S,1,S,≤0.5,S,0,≤0.5,S,0,2,S,0.25,S,0,≤2,S,≤0.25,S,0,2,S,,,,,,,,,,,,,,,,,nt234∆8,P337A,,G364S,,,,,,,,,,,,,,N775K   ,,,,,,,,Q117E
BAL03-002,128,R,16,S,64,R,64,R,1,16,R,4,S,8,I,0.75,32,R,1,4,S,>16,R,1,8,S,>32,R,1,4,R,,aadB,,,,,,,,,,,,G195D,,,nt234∆8,,,,,"T83I, D87N",,,,,,G154R,E247G,,,,,,,,,,"S87W, L168Q",,V266M,
BAL03-003,256,R,32,R,64,R,>64,R,1,32,R,16,R,32,R,1,>32,R,1,>32,R,4,R,1,16,I,>32,R,1,2,S,blaOXA-15,"aac(3)-I, aacA4",S466Y,,,,,,,R385H,,,H119Y ,,,,nt234∆8,,,,,,aa25∆1,,,,,,,,,,,,,,,,,,,
BAL03-006,32,R,8,S,≤4,S,4,S,0,2,S,1,S,≤0.5,S,0,≤0.5,S,0,4,S,0.5,S,1,≤2,S,≤0.25,S,0,1,S,,,,,,,,,,,,,,,,,nt234∆8,,,,,D87G,,,,,,nt66InsCC,,,,,,, nt205∆2,,,,,,,
BAL04-001,32,R,4,S,8,S,2,S,0,2,S,2,S,1,S,0,2,S,0,2,S,≤0.12,S,0,≤2,S,0.5,S,0,2,S,,,,,,,,,,,,,,,,,nt234∆8,,A1062T,,,,,,,,,,,,,,,,,,,,,,,
BAL04-002,16,S,4,S,≤4,S,2,S,0,2,S,≤0.5,S,≤0.5,S,0,≤0.5,S,0,1,S,≤0.12,S,0,≤2,S,≤0.25,S,0.25,4,R,,,,,K86E,,,,,,,,,,,,nt234∆8,,,,,,,,,,,G295R,A278G,,,,,,,,,,,E215Q,D159N   ,
BAL04-003,256,R,64,R,>256,R,32,R,1,16,R,16,R,32,R,1,2,S,0.5,16,R,8,R,1,≤2,S,0.5,S,-0.5,2,S,,,,nt81InsT,,, nt1451InsC,,nt438InsC,,,,,,,,nt234∆8,,,,,T83I,,,,,,D135G,,,R551L,,,,,,,,D422A,,,
BAL04-004,≤8,S,≤2,S,≤4,S,2,S,-0.5,≤1,S,16,R,4,I,0,1,S,-0.25,1,S,≤0.12,S,-0.5,≤2,S,≤0.25,S,0,2,S,,,,,,E422X,,,W339X,,,,,,,,nt234∆8,,,,,,,,,,,,,,,,,,,,,,,,,
CAN01-001,32,R,4,S,≤4,S,2,S,0.25,4,S,4,S,4,I,0.25,1,S,0.25,2,S,0.25,S,0,≤2,S,0.5,S,0,2,S,,,,,,,,,,aa118∆4,,,,,,,nt234∆8,,,,,,,,,,,,,,L21P,,,,,,,,,,,
CAN01-002,≤8,S,≤2,S,≤4,S,≤1,S,-0.5,4,S,16,R,1,S,0,1,S,-0.25,1,S,≤0.12,S,0.25,4,S,0.5,S,0.25,2,S,,,,,,Q319X,,,,,,G530S,,Q140K,,,"G276D, nt234∆8",,,,,,,,,,,,,,,,,,,,,,,,,
CAN01-003,256,R,32,R,32,R,8,S,0.5,16,R,16,R,16,R,0.25,≤0.5,S,0.25,8,S,16,R,1,≤2,S,4,S,1,2,S,blaOXA-46(IS),aacA4,,,,,,,,"L137P, nt998∆1",,G530S,,,,,nt234∆8,,,,,"T83I, V671I, G860S",,,,, aa436InsGGF,,,,,,,,,,,,S87L,,,
CAN01-004,128,R,16,S,32,R,8,S,0.5,16,R,16,R,16,R,1,2,S,125,4,S,>16,R,1,4,S,16,R,1,2,S,,aadB,,,,,,,nt199∆1,,,,,G195D,,,nt234∆8,,,,,"T83I, D87N",,,,,,,,,,T139M  ,,,,,,,"S87W, L168Q",,V266M,
CAT01-001,128,R,16,S,16,S,8,S,0.5,8,S,4,S,8,I,1,1,S,375,4,S,8,R,1,8,S,0.5,S,1,4,R,,aac(3)-I,,,,,,,,,L90I,,,nt526∆8,,,nt234∆8,,,,,T83I,T11N,,,A619E,,,,,L23V,,,,,,,,,,A262S,
CAT01-004,32,R,4,S,8,S,4,S,0,4,S,4,S,4,I,0,≤0.5,S,0,2,S,≤0.12,S,0,4,S,0.5,S,0,1,S,,,,,,,,,,,,,,,,,nt234∆8,,,,,,,,,,,,,,,,,,,,,,,,,
CAT01-005,32,R,4,S,≤4,S,2,S,0.5,2,S,1,S,≤0.5,S,125,1,S,125,2,S,≤0.12,S,0,4,S,≤0.25,S,0,1,S,,,,,,,,,,,,,,,,,nt234∆8,,,,G263S,,,,,,,,,,,,,,,,,,,,,
CAT01-007,64,R,16,S,16,S,4,S,0.5,8,S,≤0.5,S,2,S,1,1,S,0.25,4,S,>16,R,1,4,S,0.5,S,0.25,1,S,,,,,,,,,,,,,,V105G,,,nt234∆8,,,,,"T83I, D87N, V671I",∆204nt,,,A481T,,,,,,,,,,,,,S87W,,,
CAT02-001,128,R,32,R,64,R,32,R,0.5,16,R,2,S,≤0.5,S,375,2,S,125,4,S,0.25,S,125,≤2,S,≤0.25,S,0.25,1,S,,,,,,,,,,G303R,,,,,,,nt234∆8,G250D,,,D176N,,,,,,,S179N  ,,,,,,,,,,,,,,
CAT02-002,32,R,4,S,≤4,S,2,S,0,2,S,4,S,≤0.5,S,0,≤0.5,S,0,2,S,≤0.12,S,0,≤2,S,≤0.25,S,0,1,S,,,,,,,,,,,,,,,,,nt234∆8,,,,,,,,,,,,,,,,,,,,,,,,,
CAT02-003,16,S,≤2,S,≤4,S,2,S,0,8,S,4,S,1,S,0,1,S,0,1,S,≤0.12,S,0,4,S,0.5,S,0.25,1,S,,,,,,,,,,,,,,,,,nt234∆8,,,,,,,,,,,,,,,,,,,,,,,, A87T     ,
CAT02-004,128,R,32,R,32,R,8,S,1,16,R,1,S,4,I,625,1,S,375,8,S,0.5,S,0.5,≤2,S,≤0.25,S,0,1,S,,,,nt266InsG,,,,,,,,,,,,,nt234∆8,,,,A340G,,,,,,,,,,,,,,,,,,,,,
CAT03-001,64,R,8,S,8,S,2,S,0,2,S,2,S,1,S,0,≤0.5,S,0,2,S,0.25,S,0,4,S,0.5,S,0,1,S,,,,,,,,,,,,,,,,,nt234∆8,,,,,,,,,,,,,,,,,,,,,,,,,
CAT03-002,16,S,≤2,S,≤4,S,2,S,0,2,S,4,S,1,S,0.25,1,S,0,1,S,1,R,0.5,≤2,S,≤0.25,S,0.25,2,S,,,,,,,,,,,,,,,,K43E ,nt234∆8,,,,,,,,,,,,,,,,,,,,R122H,,,,,
CAT03-004,256,R,16,S,128,R,32,R,1,16,R,16,R,16,R,1,2,S,0.25,8,S,>16,R,1,4,S,>32,R,1,2,S,,aadB,,,,,,,Q142X,,,,,G195D,,,nt234∆8,,,,,"T83I, D87N",,,,,,G154R,,,,,,,,,,,"S87W, L168Q",,V266M,
CAT03-005,32,R,4,S,≤4,S,2,S,0,2,S,2,S,≤0.5,S,0,1,S,0,2,S,≤0.12,S,0,≤2,S,≤0.25,S,0,1,S,,,,,,,,,,,,,,,,,nt234∆8,,,,,,,,,,,,,,,,,,,,,,,,,
CAT04-001,256,R,64,R,256,R,64,R,1,64,R,16,R,32,R,1,4,S,375,32,R,>16,R,1,4,S,0.5,S,0,2,S,,,,R73L ,,,,,,,,,,,,,nt234∆8,,,,,T83I ,,,,A481T, V420M,,,,,S75F,,,,,,,S87W,,,
CAT04-002,32,R,4,S,≤4,S,2,S,0,2,S,2,S,≤0.5,S,0.25,1,S,0,2,S,≤0.12,S,0.5,≤2,S,≤0.25,S,0,1,S,,,,,,,,,,,,,,,,V77I ,nt234∆8,,,,,,,,,,,,,,,,,,,,,,,,,
CAT04-003,32,R,4,S,8,S,2,S,0,4,S,1,S,≤0.5,S,0,≤0.5,S,0,2,S,≤0.12,S,0,≤2,S,0.5,S,0,1,S,,,,,,,,,,,,,,,,,nt234∆8,,,,,,,,,,,,,,,,,,,,,,,,,
CAT04-004,32,R,4,S,≤4,S,2,S,0,2,S,1,S,≤0.5,S,0.25,1,S,0,2,S,≤0.12,S,0.5,≤2,S,≤0.25,S,0,1,S,,,,,,,,,,,,,,,,V77I ,nt234∆8,,,,,,,,,,,,,,,,,,,,,,,,,
CAT05-001,64,R,8,S,64,R,16,R,1,16,R,8,R,4,I,1,2,S,0.25,4,S,>16,R,1,≤2,S,16,R,1,1,S,,aadB,,,,,,,Q142X,,,,,G195D,,,nt234∆8,,,,,"T83I, D87N",,,,,,G154R,,,,,,,,,,,"S87W, L168Q",,V266M,
CAT05-002,64,R,8,S,128,R,16,R,1,8,S,16,R,2,S,1,1,S,0.5,1,S,>16,R,1,≤2,S,8,R,1,≤0.5,S,,aadB,,,,nt1135∆1,,,Q142X,,,,,G195D,nt61∆5,,nt234∆8,,,,,"T83I, D87N",,,,,,G154R,,,,,,,,,,,"S87W, L168Q",,V266M,
CAT05-003,32,R,4,S,≤4,S,2,S,0,2,S,2,S,≤0.5,S,0.25,1,S,0,2,S,≤0.12,S,0,≤2,S,0.5,S,0,1,S,,,,,,,,,,,,,,,,,nt234∆8,,,,,,,,,D485N,,,,,,,,,,,,,,,,
CAT05-004,>512,R,4,S,>256,R,>64,R,1,>64,R,>32,R,>64,R,1,>32,R,1,>32,R,>16,R,1,4,S,2,S,0.25,2,S,blaVIM-1,"aac(3)-I, aph(3')-XV, aadA1",,,,,,,W277X,,,,,V105G,,,nt234∆8,,,,,"T83I, V671I, G860S",,,,A481T,,,,,,,,,,,,,S87W,,,
CAT06-001,≤8,S,≤2,S,≤4,S,≤1,S,0,≤1,S,2,S,≤0.5,S,0,≤0.5,S,0,1,S,≤0.12,S,0,≤2,S,0.5,S,0,2,S,,,,,Q143P,,,,,,,,,,,,nt234∆8,,,,,,,,,,,,,,,,,,,,,,,,,
CAT06-004,32,R,4,S,16,S,2,S,0.5,2,S,1,S,≤0.5,S,375,1,S,125,2,S,≤0.12,S,0.5,≤2,S,0.5,S,0,1,S,,,,,N269S,,,,,,,,V376M,,,M106T ,nt234∆8,A377V,,T27A ,,,,,,,,L177V,,,,A144V,,,,,,,, V629A,,
CAT06-005,64,R,4,S,16,S,4,S,1,8,S,16,R,4,I,1,2,S,0.25,2,S,8,R,1,≤2,S,8,R,1,1,S,,aadB,,,,,T198P,,Q142X,,,,,G195D,,,nt234∆8,,,,,"T83I, D87N",,,,,,G154R,,,,,,,,,,,"S87W, L168Q",,V266M,
CAT06-008,256,R,4,S,64,R,4,S,1,8,S,16,R,1,S,1,2,S,375,1,S,>16,R,1,8,S,32,R,1,1,S,,"aac(3)-I, aadB",,,,A735D,,,Q142X,,,,,G195D,,,nt234∆8,,,,A434T,"T83I, D87N",,,,,,G154R,,,,,,,,,,,"S87W, L168Q",,V266M,
CAT07-001,32,R,4,S,≤4,S,4,S,0,2,S,1,S,≤0.5,S,0,1,S,0,2,S,≤0.12,S,0,≤2,S,0.5,S,0,1,S,,,,,,,,,,,,,,,,,nt234∆8,,, P35L,,,,,,,,,,,,,,,,,,,,,,
CAT07-002,128,R,32,R,16,S,4,S,0.5,4,S,≤0.5,S,2,S,625,1,S,0.25,2,S,1,R,1,4,S,0.5,S,0,2,S,,,E468D,L95F,,,,,,,,,,,,,"V265A, nt234∆8",F284L,,,,,,,,,A331T,,,,,,,,,,,,,,,
CAT07-003,32,R,4,S,≤4,S,2,S,0.5,2,S,2,S,≤0.5,S,125,1,S,125,2,S,≤0.12,S,0,≤2,S,≤0.25,S,0,2,S,,,,,,,,,,,,,,,,,nt234∆8,,,,,N200S,,,,,,,,,,V10I ,,,,,,,,,,
CAT07-005,32,R,4,S,≤4,S,2,S,0.25,2,S,1,S,≤0.5,S,375,≤0.5,S,125,2,S,≤0.12,S,0.5,≤2,S,≤0.25,S,0,1,S,,,,,,,,,,,,,,,,G11S ,"A245V, nt234∆8",,,,,,,,,,C410T,,,,,,,,,,,,,,,
CAT08-013,32,R,4,S,8,S,4,S,0,8,S,4,S,≤0.5,S,0,2,S,0,4,S,≤0.12,S,1,≤2,S,≤0.25,S,0,≤0.5,S,,,,,,,T180I,,,,,,,,,,nt234∆8,,,,,,,,,,,,,,,,D256G ,,,X188ext,,,,,,
CAT08-014,64,R,8,S,16,S,4,S,0.5,4,S,2,S,≤0.5,S,0.5,2,S,0.25,2,S,>16,R,1,4,S,0.5,S,0,1,S,,,,nt161InsC,,,,,,,,,,,,,nt234∆8,,,,,T83I,,,,,,,,,,,,,,,,,S87L,,,
CAT08-015,32,R,4,S,≤4,S,2,S,0.25,4,S,1,S,≤0.5,S,0.25,1,S,125,2,S,0.25,S,0.25,≤2,S,≤0.25,S,0,1,S,,,,,A33T,,,,,,,,,,,,nt234∆8,,,,,,T188A,,,,,,,,,,,,,,,,,,,
CAT08-016,32,R,4,S,≤4,S,2,S,0,4,S,4,S,≤0.5,S,0,≤0.5,S,0,2,S,≤0.12,S,0,≤2,S,≤0.25,S,0,8,R,,,,,,,,,,,,,,,,,nt234∆8,,,,,,,,,,,,,,,,,,,,,,,,,
CAT09-001,256,R,32,R,32,R,16,R,1,16,R,16,R,16,R,1,2,S,0.75,8,S,>16,R,1,32,R,>32,R,1,1,S,blaOXA-2,"aadB4, aadA6, strA, strB",,,,,,,,,,,,aa48∆9,,A52V ,"nt234∆8,  nt395InsC",,,,,T83I,nt263∆17,,,,,,,,,,,,,,,,S87L,,,
CAT09-002,16,S,≤2,S,≤4,S,2,S,0,2,S,4,S,≤0.5,S,0.25,1,S,0,1,S,1,R,0.5,≤2,S,≤0.25,S,0,2,S,,,,,,,,,,,,,,,,F10L ,nt234∆8,,,,,,,,,,,,,,,,,,,,,,,,P244L,
CAT09-003,32,R,4,S,≤4,S,2,S,0,8,S,≤0.5,S,≤0.5,S,0.25,1,S,0,2,S,0.25,S,125,16,I,>32,R,1,2,S,,aacA4,,,,,,,,,,,,H51D,,,nt234∆8,,,,,,,,,,,,,,,,,      ,,,,,,,,
CAT09-004,16,S,≤2,S,8,S,4,S,0,4,S,2,S,4,I,0,≤0.5,S,0,1,S,≤0.12,S,0,4,S,≤0.25,S,0,4,R,,,,,,,,,,,,,,,,,nt234∆8,,,,,,,,,,,,,,,,,,,,,,,,,
CLE01-003,32,R,4,S,8,S,2,S,0.5,4,S,1,S,1,S,125,≤0.5,S,125,2,S,≤0.12,S,0,≤2,S,≤0.25,S,0.25,1,S,,,,,,,,,,,,A285T  ,,,,,nt234∆8,,,,,,,,,,,,,,,T182I ,,T489I ,,,,S94N ,,,,
CLE01-006,32,R,4,S,8,S,2,S,0,2,S,1,S,≤0.5,S,0,≤0.5,S,0,1,S,≤0.12,S,0,4,S,0.5,S,0,2,S,,,,,,,,,,,,,,,,,nt234∆8,,,,,,,,,,,,,,,,,,,,,,,P511S,,
CLE01-007,64,R,8,S,32,R,8,S,0.25,8,S,1,S,≤0.5,S,0.25,1,S,125,2,S,≤0.12,S,0.25,4,S,≤0.25,S,0,1,S,,,,R82H,,,,,,,,,,,,,nt234∆8,,,,,,,,,,,,,,,,,,,,,,,,,
CLE01-008,32,R,4,S,8,S,4,S,0,2,S,1,S,≤0.5,S,0,≤0.5,S,0,2,S,≤0.12,S,0,≤2,S,≤0.25,S,0,1,S,,,,,,,,,,,,,,,,,nt234∆8,,,,,,,,,,,,,,,,,,,,,,,,,
CLE02-001,32,R,4,S,≤4,S,2,S,0.25,2,S,1,S,≤0.5,S,125,≤0.5,S,125,2,S,≤0.12,S,0,≤2,S,≤0.25,S,0.25,1,S,,,,,,,,,,,,,,,,,nt234∆8,, S510L,A12T ,,A669P ,,,,,G231E,,,,,,,       ,,,,,,,S184G  ,
CLE02-002,64,R,8,S,8,S,4,S,0.75,4,S,2,S,≤0.5,S,0.75,1,S,625,4,S,0.5,S,0.25,≤2,S,≤0.25,S,0,2,S,,,,,,,,,,,,,,,∆63nt,,nt234∆8,,,,,,,R191L ,,,,,,,,,,,,,,,,,,
CLE02-004,128,R,16,S,128,R,32,R,1,16,R,8,R,4,I,1,2,S,0.5,4,S,16,R,1,4,S,0.5,S,0,4,R,,"aac(3)-Ia, aadA1, aadA6",,,,,,,nt350InsC,,,,,,,,nt234∆8,,,,,T83I,,nt12InsG,,,,D135N  ,,,,,,,,,,,S87L,,,
CLE02-006,>512,R,32,R,128,R,>64,R,1,>64,R,16,R,64,R,1,>32,R,1,>32,R,>16,R,1,32,R,16,R,1,2,S,blaIMP-1,"strA, strB, aadB",,,K86E,,,,,,,,,,,,nt234∆8,,,,,T83I,nt396∆2,,,,,,,,,A134P  ,,,,,,,"E91K, L458F",E215Q,A262S,
CLE03-003,64,R,8,S,16,S,8,S,0.25,32,R,1,S,≤0.5,S,375,2,S,125,4,S,16,R,1,16,I,1,S,0.25,1,S,,,,,,,,,,,,,,R45C,,,nt234∆8,,,,,T83I ,,,,,P178L,,,,,,,,,,,,S87L,,,
CLE03-004,32,R,4,S,≤4,S,2,S,0,2,S,≤0.5,S,≤0.5,S,0.5,1,S,0,2,S,≤0.12,S,0.25,4,S,≤0.25,S,0.5,4,R,,,,,,,,,,,,,,nt386∆1,,,nt234∆8,,,,,,,,,,,,S173N,,,,,,,,,,,,,
CLE03-005,32,R,8,S,8,S,4,S,0.5,2,S,2,S,1,S,0.5,1,S,0.5,4,S,≤0.12,S,0,≤2,S,≤0.25,S,-0.5,≤0.5,S,,,,,,,,,,,,DELETED,DELETED,DELETED,DELETED,,nt234∆8,,,,,,,,,,,,,,,,,,,,,,,,,
CLE03-006,32,R,8,S,8,S,4,S,0.5,8,S,8,R,4,I,125,2,S,125,4,S,2,R,1,16,I,2,S,0,4,R,,,,,,,,,,,aa214∆1,,,,,,nt234∆8,,,,,D87N ,,,,,,,,,,D59E,,,,,,,,,,
CLM01-001,64,R,8,S,8,S,4,S,0.25,2,S,2,S,4,I,0.5,≤0.5,S,125,2,S,8,R,1,≤2,S,≤0.25,S,0,2,S,,,,,,,,,,,,,,,,P13L  ,nt234∆8,,,R151L,,T83I,C149Y,,,,,,,,,,,,,,,,,,,
CLM01-002,32,R,4,S,≤4,S,2,S,0,2,S,1,S,≤0.5,S,0,≤0.5,S,0,1,S,≤0.12,S,125,4,S,1,S,0,2,S,,,,,K76Q,,,,,,,,,,,,nt234∆8,,,,,,,,,,,,,,,,,,,,,,,,,
CLM01-003,64,R,16,S,128,R,16,R,0.5,16,R,≤0.5,S,≤0.5,S,-0.25,2,S,0,1,S,2,R,0.5,8,S,1,S,-0.25,≤0.5,S,,,S466Y,,,,nt501∆5,,,,,,,,,,nt234∆8,,,,,,,,,,,D135N,,Q678L,,,,,,,,,,,,
CLM01-004,32,R,4,S,≤4,S,2,S,0.25,2,S,1,S,2,S,125,≤0.5,S,125,2,S,≤0.12,S,0,≤2,S,≤0.25,S,0,1,S,,,,,,,,,,,,D628H,,,,,nt234∆8,,,A113S,,,,,,,C410T,,,,,,N73D,,T145I ,,,,,,,
CLM02-004,64,R,4,S,8,S,2,S,0,8,S,1,S,≤0.5,S,0,≤0.5,S,0,2,S,≤0.12,S,0,4,S,≤0.25,S,0,1,S,,,,,,,,,,,,,,,,,nt234∆8,,,,,,,,,,,,,,,,,,,,,,,,,
CLM02-005,32,R,≤2,S,32,R,8,S,0.25,8,S,8,R,4,I,125,1,S,-125,1,S,>16,R,1,4,S,32,R,1,1,S,,aadB,E468D,,Q104X,,, nt410∆1,W415X,,,,,,,,nt234∆8,,,P470S,,T83I,,,,,,,,,,F113L  ,,,,,,,"S87W, L168Q",,V266M,
CLM02-013,16,S,≤2,S,≤4,S,≤1,S,0,≤1,S,8,R,2,S,0.5,≤0.5,S,0,1,S,16,R,1,≤2,S,≤0.25,S,0.25,1,S,,,,,,,,,,,,,,,,nt907∆14,nt234∆8,,,,,T83I,,,,,,,,Q678R,,,,,,,,,,,,
CLM02-014,64,R,8,S,32,R,8,S,0.75,8,S,8,R,16,R,1,1,S,125,2,S,>16,R,1,8,S,>32,R,1,1,S,,aadB,E468D,,,,, nt410∆1,W415X,,,,,G195D,,,nt234∆8,,,,,T83I,,,,,,,,,,F113L  ,,,,,,,"S87W, L168Q",,V266M,
CVA01-001,32,R,4,S,≤4,S,2,S,0,2,S,2,S,2,S,0.25,≤0.5,S,0,2,S,≤0.12,S,125,4,S,0.5,S,0.25,2,S,,,,,,,,,,V238L,,,,,,,nt234∆8,,,,,,,,,,,,,,,,V472A,,,,,,,,,
CVA01-002,256,R,64,R,>256,R,32,R,0,64,R,16,R,16,R,0.25,4,S,0,16,R,2,R,1,8,S,0.5,S,0.25,2,S,,,,,,,,,,Y73C,,,,,,,nt234∆8,,,,,D87N,,,,,,,,,,,,R333C ,Q206X,aa18InsVA,,,,,,
CVA01-005,32,R,4,S,8,S,2,S,0,2,S,1,S,≤0.5,S,0.25,1,S,0,2,S,≤0.12,S,0.5,4,S,≤0.25,S,0,1,S,,,,,,,,,,,,R1024S, L154Q   ,,,P24L ,nt234∆8,,,,,,,,,,,,,,,,,A905T,,,,,,,,
CVA01-006,>512,R,≤2,S,16,S,16,R,1,16,R,>32,R,64,R,1,>32,R,1,16,R,>16,R,1,8,S,>32,R,1,1,S,"blaVIM-20, blaOXA-2 ","aac(3)-Ia, aph(3')-VIa, aadB",,,,nt881InsGG,,,nt55InsGCACT,,,,,G195D,,,nt234∆8,,,,,"T83I, D87N",,,,,,,,,,,,,,,,,"S87W, L168Q",,V266M,
CVA02-001,32,R,8,S,8,S,4,S,0.5,8,S,4,S,4,I,0.5,1,S,0.25,1,S,0.25,S,0.5,4,S,0.5,S,0,1,S,,,,,,,,,,,,R706H ,,,,,nt234∆8,,,,,,,nt15∆1,,,,A175V,S306T ,,,,,,,,,,V238I,,,
CVA02-002,32,R,4,S,16,S,4,S,0.75,4,S,2,S,≤0.5,S,0.75,1,S,0.5,1,S,0.25,S,625,4,S,0.5,S,0,2,S,,,,,,,,,,,,,,L37P,G175S,,nt234∆8,,I753V,,,,,,,,"T115A, nt111InsC",G295R,,,,,R210H,,G254S ,G129R,,,,,,
CVA02-003,≤8,S,≤2,S,8,S,4,S,-0.5,8,S,4,S,1,S,0.25,1,S,-0.25,≤0.5,S,1,R,875,>128,R,16,R,1,1,S,,,S466F,,E53X,,,,,S33R,,T472P   ,,nt491∆10,,,nt234∆8,,A598S,,,,,,,,,,,R680C,,,,,,,,,,,,
CVA02-005,>512,R,32,R,128,R,64,R,1,32,R,>32,R,>64,R,1,>32,R,1,32,R,>16,R,1,32,R,>32,R,1,2,S,"blaVIM-20, blaOXA-210","aadB, aph(3')-VIa, aadA13, aacA4",,,,,,,nt55InsGCACT,,,,,G195D,,,nt234∆8,,,,,"T83I, D87N",,,,,,,,,,V10G  ,,,,,,,"S87W, L168Q",,V266M,
CVA03-001,32,R,4,S,8,S,2,S,0.5,2,S,1,S,1,S,0.5,≤0.5,S,0.5,2,S,≤0.12,S,0,≤2,S,≤0.25,S,0,≤0.5,S,,,,,A111T,,,,,,,,,,aa207∆4,,nt234∆8,,,,,,,,,,,,,,,,,,,,,,,,,
CVA03-002,≤8,S,≤2,S,≤4,S,≤1,S,-0.25,≤1,S,≤0.5,S,≤0.5,S,0.5,≤0.5,S,0,≤0.5,S,1,R,0.75,≤2,S,≤0.25,S,0.25,≤0.5,S,,,,,A117V,nt2936∆1,,,,,,,,Q132X,"Y12C, L21R, G56S",,nt234∆8,,T95I,,,"T83A, D87N",,,nt390InsGT,D507G,,,,,,,,, Q134X,Q64X,,,,,,
CVA03-004,256,R,64,R,256,R,64,R,1,32,R,16,R,16,R,1,4,S,0.5,8,S,>16,R,1,4,S,0.5,S,0.5,2,S,,,,,,,,,nt1206InsC,,,,,nt320∆16,,V241M ,"D96A, nt234∆8",,A550V,,"T27S, S150G","T83I, V671I, G860S","G78R, nt232∆19",,,,,,,,,L40Q  ,,,,,,,S87L,,,
CVA03-006,32,R,4,S,≤4,S,2,S,0,2,S,1,S,≤0.5,S,0.25,≤0.5,S,0,2,S,≤0.12,S,0,≤2,S,0.5,S,0.25,1,S,,,,,,,,Y207X,,,,E505G     ,,,,,nt234∆8,,,,,,,,,V29I,,,L133I,S695T,,,        ,,,,,,,,,
EXT01-001,16,S,4,S,8,S,2,S,0.5,2,S,8,R,4,I,1,≤0.5,S,0.25,1,S,8,R,1,≤2,S,0.5,S,0,1,S,,,,,,,,,Y225X,,,,,,,nt396InsGT,"A47V, nt234∆8",,,,,T83I ,,,,,aa35∆4,,,,,,,,,,,,E91K ,,,
EXT01-003,≤8,S,≤2,S,≤4,S,≤1,S,0.75,2,S,1,S,≤0.5,S,1,≤0.5,S,375,1,S,>16,R,1,≤2,S,≤0.25,S,0.25,≤0.5,S,,,, nt217∆1,,,,,,,,,,,,X340ext,"R334P, nt234∆8",,,A12T ,,"T83I, A669P ",,,,,G231E,,,,,,,,,R47Q ,,,S87L,,S184G  ,
EXT01-004,32,R,8,S,16,S,4,S,1,8,S,1,S,4,I,0.75,1,S,875,4,S,8,R,1,8,S,1,S,0,4,R,,,S466Y,,,,,,,,,D724V    ,,,,V308I ,nt234∆8,,,,,,,,,,P274L,,"D280N, Q311L  ",,L219V,D83G  ,N121S,H953N ,,,,,,,,
EXT01-005,32,R,4,S,≤4,S,2,S,0,2,S,1,S,≤0.5,S,0,1,S,0,2,S,≤0.12,S,0,≤2,S,0.5,S,0,2,S,,,,,,,,,,,,,,,,,nt234∆8,,,,,,,,,,,,,,,,,,,,,,,,,
GAL01-001,32,R,4,S,16,S,2,S,0.5,4,S,2,S,4,I,0.25,1,S,0.25,2,S,2,R,1,8,S,1,S,0,2,S,,,,,,,,,,,,,,,,,nt234∆8,,,,,T83I,,,,,nt111InsC,,,,,,,,,,,,,,P244L,
GAL01-002,32,R,4,S,8,S,2,S,0,2,S,1,S,≤0.5,S,0,≤0.5,S,0,2,S,≤0.12,S,0,≤2,S,≤0.25,S,0,1,S,,,,,,,,,,,,,,,,,nt234∆8,,,,,,,,,,,,,,,,,,,,,,,,,
GAL01-003,128,R,16,S,16,S,≤1,S,0,4,S,≤0.5,S,1,S,0,≤0.5,S,0,4,S,0.25,S,0,≤2,S,0.5,S,0,1,S,,,,,,,,,,,,,,,,,nt234∆8,,,,,,,,,,,,,,,,,,,,,,,,,
GAL01-012,128,R,16,S,16,S,8,S,0.5,8,S,2,S,≤0.5,S,0.25,1,S,0.25,4,S,16,R,1,≤2,S,≤0.25,S,-0.5,2,S,,,,,,,,,,,,,Y255X,,,N246K ,nt234∆8,,,,,T83I,nt232∆19,,,,,,,,,,,,,,,,,S457R ,P244L,
GAL02-001,16,S,≤2,S,8,S,4,S,0,≤1,S,1,S,≤0.5,S,0.25,1,S,0,2,S,≤0.12,S,125,4,S,0.5,S,0.25,2,S,,,,,R326Q,,,,,L346P,,,,,,,nt234∆8,,,,,,,,,,,,,,,,,,,,,,,,,
GAL02-002,32,R,8,S,8,S,4,S,0.5,8,S,4,S,8,I,1,2,S,0.5,4,S,0.5,S,0.75,16,I,2,S,0.25,≤0.5,S,,,,,,,,,,,,,,Y204X,C242X,G76S ,nt234∆8,,,,,,,,,,,,,,,,D303V,,,,, A467V,,,,
GAL02-004,≤8,S,≤2,S,≤4,S,4,S,0.25,8,S,16,R,4,I,-125,1,S,625,2,S,1,R,0,64,R,4,S,0.5,1,S,,,R22C,,,nt3018∆5,,,,,,,,,,P225L ,nt234∆8,,,,,A908T,,,,,H190Y  ,,V239A,T671A,,,,,,,,,,,,
GAL02-006,128,R,16,S,32,R,8,S,1,8,S,16,R,16,R,1,1,S,0.5,4,S,>16,R,1,≤2,S,0.5,S,0,1,S,,,,,,,,,,,,,,,,N246K ,nt234∆8,,,,,T83I,nt232∆19,,,,nt111InsC,,,,,,,,,,,,,S457R ,P244L,
GAL03-002,16,S,≤2,S,≤4,S,≤1,S,0,≤1,S,4,S,1,S,0,≤0.5,S,0,≤0.5,S,1,R,1,≤2,S,≤0.25,S,0.5,1,S,,,,,K86E,,,,,,,,,,,DELETED,DELETED,DELETED,DELETED,DELETED,,D87N,,,,,,,,,,,,,,,E163D,,,E215Q,A262S,
GAL03-003,32,R,4,S,≤4,S,2,S,EXCLUDED,2,S,4,S,2,S,EXCLUDED,≤0.5,S,EXCLUDED,2,S,≤0.12,S,EXCLUDED,4,S,0.5,S,EXCLUDED,2,S,,,I529V,N79S ,,A707S I963V,Q265E,,,,,"S48N, T472A, D502G, R519H, Q843R, I849V, A865D","A15T, A48V, E142K, D384G",F192L,,E286D,nt234∆8,,"A256T, N276S, T713A",S77T ,R475Q,,E21D,A4V,"N86S, S355T",A532V,"I266S, Q347R",,"P274H, S306A, I325V  ",,"L240V, A572V","R11H, A85S, S175P",A41T ,"G147D, A642D,  H651R, T659S, S738N ","E152Q, V282I, N299S   G334A, V337A, E350K",E75G,,"A197S, E213D, L217V, L398Q, G469S","I388V, A528T",,"V247I, V362I","A8V, Q110K"
GAL03-004,16,S,≤2,S,≤4,S,≤1,S,0,≤1,S,1,S,≤0.5,S,0,≤0.5,S,0,≤0.5,S,≤0.12,S,0,≤2,S,≤0.25,S,0.25,1,S,,,,,,,,,,,,,,,,,nt234∆8,,,,,aa914InsPK,,,,,,,,,,,,G686R ,,,,G439D,,,,
GAL03-005,32,R,4,S,≤4,S,2,S,0,2,S,1,S,≤0.5,S,0.25,≤0.5,S,0,2,S,≤0.12,S,0,4,S,0.5,S,0,2,S,,,,,,T98A,,,,,,,,,,,nt234∆8,,,,,,,,,L33P,,,,,,,,,,,,,,,,
GAL04-001,32,R,8,S,8,S,2,S,0,8,S,2,S,≤0.5,S,0.5,1,S,0,2,S,0.25,S,0.25,4,S,≤0.25,S,0.5,1,S,,,,,,,,,,,,,,nt367∆10,,,nt234∆8,,,,,,,,,,,,,,,,,,,,,,,,,
GAL04-002,64,R,16,S,16,S,4,S,0.5,4,S,4,S,16,R,1,≤0.5,S,0.25,4,S,16,R,1,≤2,S,≤0.25,S,0.5,1,S,,aadA6,,,,,,,W417X,,,,,nt100∆1,,,nt234∆8,,,,,T83I,nt295∆17,,,,,,,,,,,,,,,,S87L,,,
GAL04-004,16,S,≤2,S,16,S,2,S,0,8,S,4,S,2,S,0.25,1,S,0,1,S,8,R,1,4,S,0.5,S,0,1,S,,,S466F,,,G860D,,,,,,,,,,G248C ,nt234∆8,,,,,,,,,,,,,,,,,,,,,,,,,
GAL04-005,128,R,16,S,32,R,8,S,0.75,8,S,1,S,2,S,0.5,2,S,375,4,S,8,R,1,≤2,S,≤0.25,S,0,≤0.5,S,,,,,,,,,,,,,,,,,nt234∆8,,,,,T83I ,T188A,nt15∆1,,,,,P82L ,,,,,V351L ,,,,,, E459K ,,
GAL05-002,32,R,4,S,≤4,S,2,S,0,2,S,1,S,≤0.5,S,0,≤0.5,S,0,2,S,≤0.12,S,0,≤2,S,0.5,S,0,2,S,,,,,,,,,,,,,,,,,nt234∆8,,,,,,,,,,,,,,,,,,,,,,,,,
GAL05-003,64,R,8,S,32,R,8,S,625,8,S,8,R,2,S,1,≤0.5,S,125,≤0.5,S,>16,R,1,≤2,S,32,R,1,1,S,,"strA, strB, aacA4",E468D,,,,,L246P,Q158X,V216A,,,,aa163InsY,,,nt234∆8,,,,,T83I,,,,,,,,,,A96T,,,,,,,S87L ,P438S ,,
GAL05-004,32,R,4,S,≤4,S,2,S,0,4,S,≤0.5,S,≤0.5,S,0,1,S,0,2,S,0.25,S,0,4,S,1,S,0,2,S,,,,,,,,,,,,,,,,,nt234∆8,,,,,,,,,,,,,,,,,,,,,,,,,
GAL05-005,32,R,4,S,8,S,2,S,0,2,S,1,S,≤0.5,S,0,1,S,0,2,S,≤0.12,S,0,≤2,S,≤0.25,S,0.5,1,S,,,,,,,,,,,,,,,,,nt234∆8,,,,,,,,,,,,,,,,,,,,,A67T ,,,G190S ,
GAL06-001,128,R,16,S,32,R,8,S,0,8,S,2,S,2,S,0.25,1,S,0,4,S,0.5,S,0.5,≤2,S,≤0.25,S,0,1,S,,,,,,,,,,,,,,,,V308I,nt234∆8,,,,,,,,,,,,,,,,       ,H953N ,,,,,,,,
GAL06-002,>512,R,8,S,8,S,2,S,1,8,S,≤0.5,S,2,S,1,≤0.5,S,625,2,S,>16,R,1,≤2,S,2,S,1,4,R,bla-CARB3,"aacA4, aadA1",,,,,,,,S277N,,,,A47V,,,nt234∆8,,,,F324I,"T83I, D87N",∆605nt,,,,"S131N, A428T",aa235∆6,,,,"A29V, W97C ",,T286M ,,,,,S87L,,,
GAL06-003,128,R,16,S,8,S,8,S,0.5,4,S,16,R,8,I,0.5,2,S,0.5,8,S,1,R,0,≤2,S,0.5,S,0,1,S,,,,,,,,,,,,,,,nt679∆1,,nt234∆8,,,,,,,,,,,,,,,,,,,,,,,,,
GAL06-004,>512,R,16,S,16,S,4,S,0.5,8,S,16,R,8,I,625,1,S,125,4,S,0.5,S,0,4,S,0.5,S,0,1,S,,,,,,,,,Q422X,,,A772T  ,,,,,nt234∆8,,,,,,,,,,,,,,,G137E  ,,,,,,,,,,
ICA01-001,64,R,16,S,32,R,>64,R,0.25,16,R,2,S,2,S,375,4,S,125,16,R,>16,R,1,4,S,>32,R,1,1,S,,"strA, strB, aacA4, aadB",,,,,,,,R7H,,,,,,,nt234∆8,,,,,T83I,,,,,R103P,,,,,,,,,,,,S87L ,,,
ICA01-002,16,S,4,S,16,S,4,S,0,2,S,2,S,1,S,0,≤0.5,S,0,2,S,≤0.12,S,0,≤2,S,≤0.25,S,0,1,S,,,,,,,,,,,,,,,,,nt234∆8,,,,,,,,,,,,,,,,,,,,,,,,,
ICA01-003,32,R,4,S,8,S,4,S,0,2,S,2,S,≤0.5,S,0,≤0.5,S,0,2,S,≤0.12,S,0,4,S,1,S,0,16,R,,,,,,,,,,,,R706H ,,,,,nt234∆8,,,,,,,,,,,A175V ,S306T ,,,,,,,,,,V238I,,,
ICA01-004,64,R,8,S,≤4,S,2,S,0,2,S,2,S,1,S,0,≤0.5,S,0,1,S,≤0.12,S,0,4,S,2,S,0.25,8,R,,,,,,,,,,,,,,,,,nt234∆8,V156A,,,,,,,,,,E162Q,,,,,,,,,,,,,V266M,
LRJ01-002,64,R,8,S,16,S,4,S,0,4,S,8,R,1,S,0.5,1,S,0,2,S,4,R,1,≤2,S,≤0.25,S,0,2,S,,,,,,,,,,,,,,,, nt350∆1,nt234∆8,,,,,,,,,,,,,,,,,,,,,,,,,
LRJ01-005,64,R,8,S,8,S,4,S,0.25,8,S,8,R,4,I,625,1,S,125,4,S,>16,R,1,4,S,32,R,1,2,S,,aadB,,,,,,,,,,,,G195D,,,nt234∆8,,,,,"T83I, D87N",,,,,V281F,,,,,,,,,,,,"S87W, L168Q",,V266M,
LRJ01-010,128,R,16,S,16,S,4,S,0.5,8,S,1,S,1,S,0.5,1,S,0.25,4,S,0.5,S,1,≤2,S,≤0.25,S,0,2,S,,,,Q49X,,,,,,,,,,,,,nt234∆8,,,,,,,,,,,,,,,,,,G8R ,A124T,,,A688V,,,
LRJ01-012,32,R,4,S,≤4,S,2,S,0,4,S,1,S,≤0.5,S,0.5,1,S,0,2,S,≤0.12,S,0.25,≤2,S,0.5,S,0.75,1,S,,,,,,,,,,,P128S,I531T  ,,"A81V, Q134R",,,nt234∆8,,,,,,,,,,,,D302H,,,,A364V,,,,,,,,G134D   ,
MAD01-001,32,R,4,S,≤4,S,2,S,0,4,S,2,S,1,S,0,1,S,0,2,S,≤0.12,S,0.5,≤2,S,0.5,S,0,1,S,,,,,,,,,,,,,,,,,nt234∆8,,,,,,,,,,,,,,,,,"I427V, G1042R",,G133S,,,,,,
MAD01-002,128,R,4,S,16,S,2,S,0.5,8,S,4,S,2,S,0.75,1,S,0.5,4,S,8,R,1,8,S,32,R,1,1,S,blaOXA-2,"aacA4, aadA1, aadA6",E468D,,,,,,,,,,,Q132P,,,nt234∆8,,,,,,,,,,,,P274L,,,,,,,,,,,,,
MAD01-004,32,R,4,S,≤4,S,2,S,0,2,S,1,S,≤0.5,S,0,≤0.5,S,0,2,S,≤0.12,S,0,4,S,0.5,S,0.25,1,S,,,,,,,,,,,,,,,,,nt234∆8,,,,,,,,,,,,,,,,,,,,,V431I,,,,
MAD01-005,128,R,32,R,16,S,8,S,0.5,8,S,≤0.5,S,≤0.5,S,0.5,1,S,0.25,8,S,>16,R,1,≤2,S,≤0.25,S,0.5,2,S,,,H170Y,aa90∆4,,,,,,,,A772T  ,,,,,nt234∆8,,A842T,,,"T83I, V671I",,,,,,,,,,,,,,,,A67T ,S87L ,,G190S ,
MAD02-001,128,R,16,S,16,S,8,S,0.25,8,S,4,S,2,S,0.5,1,S,0.25,4,S,0.25,S,125,4,S,0.5,S,0.25,2,S,,,,,,,,,,D348N,,,,,,,nt234∆8,,,,,,,,,,,,,,G243S,,,,,,,,,,,
MAD02-002,32,R,4,S,8,S,2,S,125,2,S,4,S,1,S,0,≤0.5,S,0,1,S,≤0.12,S,0,≤2,S,0.5,S,0,2,S,,,,,,,,,,,,,,,,,nt234∆8,,,,,,,,N54S,,,,,,,,,,,,,,,,,T115S
MAD02-004,32,R,4,S,≤4,S,4,S,0,4,S,4,S,2,S,0,1,S,0,2,S,≤0.12,S,0,≤2,S,≤0.25,S,0,2,S,,,,,,,,,,,,,,,,,nt234∆8,,,,,,,,,,,,,,,,,,,,,,,,,
MAD02-005,>512,R,32,R,256,R,32,R,1,16,R,>32,R,>64,R,1,8,R,1,4,S,>16,R,1,4,S,>32,R,1,1,S,blaGES-5,"aadB, aacA4",,,,,,,W277X,,,,,G195D,,,nt234∆8,,,,,"T83I, D87N",,,,,,,,,,,,,,,,,"S87W, L168Q",,V266M,
MAD03-001,128,R,32,R,256,R,32,R,1,16,R,2,S,8,I,1,2,S,0.75,4,S,>16,R,1,≤2,S,≤0.25,S,0,1,S,,,E468D,,,,,,,,,,,,,,"R209S, nt234∆8",,,,,T83I,nt475∆16,,,,nt111∆1,,,,I347T,,,,,,,,S87L,,,
MAD03-002,128,R,32,R,16,S,2,S,0,4,S,2,S,4,I,0.25,1,S,0,2,S,8,R,1,4,S,0.5,S,0.25,2,S,,,,,,,,,,Q349K,,,  W358C,,,,nt234∆8,,,,,D87N ,,,,,,,D291N,,,,,V914I,,,,,,I89T,,
MAD03-004,32,R,4,S,≤4,S,2,S,0,≤1,S,1,S,≤0.5,S,-0.5,1,S,0,2,S,≤0.12,S,-0.25,≤2,S,≤0.25,S,-0.5,2,S,,,,,,,,,,,,,Q396X,,,,nt234∆8,,,,,,,,,,,,,,,,,,,,,,,,,
MAD03-005,32,R,8,S,8,S,4,S,0,2,S,2,S,1,S,0.25,1,S,0,2,S,≤0.12,S,125,4,S,0.5,S,0.5,2,S,,,,,,,,,,V238L,,,,,,,nt234∆8,,,V172I,,,,,,,,,,,,,,,,,R81Q,,M502L,,,
MAD04-001,32,R,4,S,8,S,4,S,0.25,2,S,4,S,≤0.5,S,0.25,1,S,125,2,S,≤0.12,S,0.25,≤2,S,0.5,S,0,1,S,,,,,,,,,,,,,,,,,nt234∆8,,D669G,,,,T188A,,,,,,,,,,,,,,,,,,,
MAD04-002,32,R,8,S,8,S,4,S,0,2,S,8,R,2,S,0,2,S,0,4,S,0.25,S,0,4,S,0.5,S,0,4,R,,,,,,,,,,,,,,,,,nt234∆8,,,,,,,,,,,,,,,,,,,,,,K726R,,,
MAD04-003,32,R,4,S,8,S,8,S,0,2,S,8,R,2,S,0.25,1,S,0,2,S,0.25,S,125,≤2,S,0.5,S,0.25,4,R,,,,,,,,,,D351N,,,,,,,nt234∆8,,,D31V,,,,,,,,,,,,,,,,,,,,,,
MAD04-004,32,R,4,S,≤4,S,8,S,0.25,4,S,4,S,4,I,0.25,≤0.5,S,125,2,S,≤0.12,S,0.25,4,S,0.5,S,0,2,S,,,,,,,,,,,,,,,,,nt234∆8,,D669G,,,,T188A,,,,,,,,,,,,,,,,,,,
MAD05-003,32,R,4,S,≤4,S,2,S,0,4,S,4,S,1,S,0.25,1,S,0,2,S,0.25,S,125,8,S,1,S,0.5,2,S,,,,,,,,,,A395T ,,,,,,,nt234∆8,,,,,E793K ,,,,,,,,K212T,,,,,S51R    ,,,,,,,
MAD05-008,64,R,8,S,8,S,4,S,0,8,S,4,S,2,S,0.25,2,S,0,4,S,1,R,125,32,R,2,S,0.25,2,S,,,,,,,,,,V152A,,T238I ,,,,,nt234∆8,,,,,,,,,,,,,,,,,,,,,,,,,
MAD05-009,64,R,8,S,16,S,4,S,0,16,R,8,R,4,I,0.25,2,S,0,4,S,1,R,1,4,S,0.5,S,0.25,1,S,,,S466F,,,,,,,,,,W358C,A88P,,,nt234∆8,,,,,,,,,,,,P274L,,,,,,,,,,,,,
MAD05-011,32,R,4,S,≤4,S,2,S,0,4,S,≤0.5,S,≤0.5,S,0.5,1,S,0,2,S,>16,R,1,4,S,32,R,1,2,S,,aadB,,,,,,,,,,,,G195D,,,nt234∆8,,,,,"T83I, D87N",,,,,,,,,,,,,,,,,"S87W, L168Q",,V266M,
MAD06-001,32,R,4,S,8,S,2,S,0.5,8,S,4,S,8,I,1,1,S,125,2,S,0.25,S,875,8,S,0.5,S,0.75,2,S,,,,,,,,,,,"V55I, I80L",G1002A,,nt227∆1,,E205V ,nt234∆8,,,,,,,,,,,,,,,G46S ,,,,,,,,,,
MAD06-002,32,R,4,S,≤4,S,2,S,0.75,4,S,2,S,≤0.5,S,375,1,S,0.25,2,S,≤0.12,S,0.25,4,S,0.5,S,0,2,S,,,,,,,,,,,,,,,,,nt234∆8,,,,,,T188A,,,,,,,,,"A29V, W97C ",,,,,,,,,,
MAD06-004,128,R,16,S,16,S,8,S,0,8,S,2,S,1,S,0,2,S,0,4,S,1,R,0,4,S,0.5,S,0,2,S,,,,,,,,,,,,,,,,,nt234∆8,,,,,,,,,,,,,,,,,,,,,,,,,
MAD06-005,16,S,4,S,8,S,2,S,0,4,S,1,S,≤0.5,S,0,1,S,0,1,S,0.25,S,0,4,S,0.5,S,0,1,S,,,,,,A539T,,,,,,T393A,H119Y ,,,,nt234∆8,,,,,,,,,,,,,,,,S127N ,R696C ,,,,,,,,
MUR01-001,32,R,4,S,≤4,S,2,S,0.25,4,S,1,S,≤0.5,S,0.25,1,S,0.25,2,S,≤0.12,S,0,≤2,S,1,S,0,1,S,,,,,,,,,,,,,,,,,nt234∆8,,,A113S,,,,,,,,,,,"L23V, Y146F",,,,,,,,,,,
MUR01-002,64,R,8,S,32,R,8,S,0.5,4,S,≤0.5,S,1,S,375,1,S,125,2,S,≤0.12,S,0,≤2,S,0.5,S,0,2,S,,,,,,,,,,,,,,,,,nt234∆8,,,,V289I,A668T,,,,S376N,,,,,,,,,,,,,,A342V ,,
MUR01-003,32,R,4,S,≤4,S,4,S,0.75,8,S,1,S,1,S,375,≤0.5,S,0.25,2,S,≤0.12,S,0.25,≤2,S,≤0.25,S,0,1,S,,,,,,,,,,,,"A527V, V548M   ",,,,,nt234∆8,,,,,,,T100S ,,,,,,,,R178C,,,,,,,,,,
MUR01-004,32,R,4,S,≤4,S,2,S,0,2,S,1,S,≤0.5,S,0.25,≤0.5,S,0,2,S,≤0.12,S,125,4,S,0.5,S,0.5,1,S,,,,,N269S,,,,,A29V,,,R69Q   ,,,,nt234∆8,,,,,,,,,,,,"T16I, P148S   ",,,,,,,,,,,,H182Y,
NAV01-001,128,R,16,S,16,S,4,S,0.25,4,S,2,S,2,S,0.25,1,S,125,4,S,0.5,S,1,≤2,S,≤0.25,S,0,1,S,,,,,,,,,,,,,,,,"G78S, aa147InsLKAG",nt234∆8,,,,,,G172D,,,,,G273E,,,,,,,,,,,,,,
NAV01-004,32,R,4,S,16,S,4,S,0,2,S,1,S,≤0.5,S,0,1,S,0,2,S,0.5,S,0,≤2,S,≤0.25,S,0,1,S,,,,,,,,,,,,,,,,,nt234∆8,,,D98E,,V671A,,,,,,,,,,,,,,,,,,,,
NAV01-005,16,S,≤2,S,≤4,S,2,S,0.25,4,S,16,R,4,I,1,1,S,0.25,≤0.5,S,1,R,125,16,I,4,S,1,≤0.5,S,,,P749S,,,P190L,,,nt742∆1,,,,,R104W,F248S,,nt234∆8,,,,,,,,,,,,, Y552C,,,,L1027V,V367A,,D61N ,A173T ,,,A262S,
NAV01-012,>512,R,8,S,128,R,16,R,1,8,S,16,R,8,I,1,1,S,0.25,1,S,16,R,1,8,S,16,R,1,1,S,blaCARB-2,"aacA4, aadA2",,,,,,,nt991InsAC,L137P,,G530S,,,,,nt234∆8,,,,nt675InsTGGCC,"T83I, V671I, G860S",,,,,,,,,,,,,,,,,E91K,,,
PVA01-003,32,R,8,S,8,S,4,S,0,4,S,2,S,1,S,0,1,S,0,2,S,≤0.12,S,0,≤2,S,≤0.25,S,0,1,S,,,,,,,,,,,,,,,,,nt234∆8,,,,,,,,,,,,,,,,,R254H  ,V367A,,,,,,,
PVA01-006,16,S,≤2,S,≤4,S,≤1,S,0,4,S,4,S,≤0.5,S,0.25,≤0.5,S,0,1,S,>16,R,1,≤2,S,0.5,S,0,1,S,,,,,,,,,,,,G530S,,,,D232G ,nt234∆8,,,,,T83I,,,,,,,,,,,,,,,,,G85C,,,
PVA01-007,64,R,8,S,64,R,16,R,1,16,R,16,R,8,I,1,2,S,0.5,2,S,>16,R,1,4,S,>32,R,1,1,S,,aadB,,nt492InsACCC,,,,,Q142X,,,,,G195D,,,nt234∆8,,,,,"T83I, D87N",,,,,,G154R,,,,,,,,,,,"S87W, L168Q",,V266M,
PVA01-011,32,R,4,S,8,S,4,S,0,2,S,2,S,≤0.5,S,0.5,1,S,0,2,S,≤0.12,S,625,4,S,1,S,0.25,1,S,,,,,,,,,,,R178C,,,,,S84F ,nt234∆8,,,,,,,,,,,,,,,,,,,,,,,,,P21Q
